product_name,brand,category,subcategory,size,mrp,discount_pct,selling_price,price_per_unit,stock,rating,review_count,demand_signal,mrp_outlier_flag,discount_gap,stock_pct_rank,stock_flag,ppu_rank,sku_count
Babyhug Pro Bubble Care Premium Pant Style Diaper Medium (M) Size - 54 Pieces - New & Improved Superior Fit,Babyhug,Diapering,Baby Diapers,Medium,1449.0,53.0,677.7,12.55,17171,4.27,3330,4.27,False,24.09957627118644,0.9491525423728814,healthy,0.4639830508474576,46
"Babyhug Advanced Pant Style Diapers Extra Large (XL) Size  Monthly Box Pack - 112 Pieces, Honeycomb Technology, Cottony Soft Diaper with 3D Leak Guard, Latex & Alcohol Free, Anti-rash & Gentle",Babyhug,Diapering,Baby Diapers,Extra Large,2579.0,55.0,1163.64,10.39,7902,4.1,17639,4.1,True,26.09957627118644,0.8983050847457628,healthy,0.2976694915254237,46
"Babyhug Advanced Pant Style Diapers Large (L) Size Monthly Box Pack - 128 Pieces, Honeycomb Technology, Cottony Soft Diaper with 3D Leak Guard, Latex & Alcohol Free, Anti-rash & Gentle",Babyhug,Diapering,Baby Diapers,Large,2579.0,47.0,1355.52,10.59,46584,4.1,17639,4.1,True,18.09957627118644,0.9851694915254238,healthy,0.3114406779661017,46
Pampers Premium Care Pants XL 72 | No Marks Design | India's Softest Diaper,Pampers,Diapering,Baby Diapers,Extra Large,2849.0,36.0,1819.37,25.27,887,4.48,5637,4.48,True,7.099576271186439,0.659957627118644,healthy,0.8538135593220338,85
Pampers Premium Care Pants L 88 | No Marks Design | India's Softest Diaper,Pampers,Diapering,Baby Diapers,Large,2849.0,39.0,1739.31,19.76,1321,4.48,5637,4.48,True,10.09957627118644,0.739406779661017,healthy,0.7436440677966102,85
"Babyhug Advanced Pant Style Diapers Medium (M) Size Monthly Box Pack - 152 Pieces, Honeycomb Technology, Cottony Soft Diaper with 3D Leak Guard, Latex & Alcohol Free, Anti-rash & Gentle",Babyhug,Diapering,Baby Diapers,Medium,2798.0,53.0,1327.09,8.73,47096,4.1,17639,4.1,True,24.09957627118644,0.9872881355932204,healthy,0.1483050847457627,46
Babyhug Pro Bubble Care Premium Pant Style Diaper Large (L) Size - 44 Pieces - New & Improved Superior Fit,Babyhug,Diapering,Baby Diapers,Large,1449.0,44.0,813.61,18.49,73638,4.27,3330,4.27,False,15.09957627118644,0.9957627118644068,healthy,0.7002118644067796,46
"Babyhug Advanced Pant Style Diapers XXL - 42 Pieces, Honeycomb Technology, Cottony Soft Diaper with 3D Leak Guard, Latex & Alcohol Free, Anti-rash & Gentle",Babyhug,Diapering,Baby Diapers,XXL,1399.0,61.0,545.61,12.99,85299,4.1,17639,4.1,False,32.099576271186436,0.9978813559322034,healthy,0.4894067796610169,46
"MamyPoko Pants Extra Absorb Baby Diapers, Extra Large (XL size) | 12-17 kg | 104 Count |Deep Sleep Diapers| Soft gentle fit |Deep Absorbent Crisscross | skin friendly with coconut oil |",MamyPoko,Diapering,Baby Diapers,Extra Large,2437.0,40.0,1458.3,14.02,739,4.41,1381,4.41,True,11.09957627118644,0.6419491525423728,healthy,0.551906779661017,65
"Babyhug Advanced Pant Style Diaper Monthly Box Pack Small (S) Size - 168 Pieces, Honeycomb Technology, Cottony Soft Diaper with 3D Leak Guard, Latex & Alcohol Free, Anti-rash & Gentle",Babyhug,Diapering,Baby Diapers,Small,2579.0,52.0,1241.53,7.39,13998,4.1,17639,4.1,True,23.09957627118644,0.9364406779661016,healthy,0.05614406779661017,46
Babyhug Pro Bubble Care Premium Pant Style Diaper Small (S) Size - 70 Pieces - New & Improved Superior Fit,Babyhug,Diapering,Baby Diapers,Small,1310.0,40.0,789.54,11.28,15534,4.27,3330,4.27,False,11.09957627118644,0.940677966101695,healthy,0.3644067796610169,46
Babyhug Pro Bubble Care Premium Pant Style Diaper Extra Large (XL) Size - 36 Pieces - New & Improved Superior Fit,Babyhug,Diapering,Baby Diapers,Extra Large,1449.0,43.0,820.13,22.78,46321,4.27,3330,4.27,False,14.09957627118644,0.9830508474576272,healthy,0.8199152542372882,46
"MamyPoko Pants Extra Absorb Baby Diapers, Large (L size) | 9-14 kg | 128 Count |Deep Sleep Diapers| Soft gentle fit |Deep Absorbent Crisscross | skin friendly with coconut oil |",MamyPoko,Diapering,Baby Diapers,Large,2437.0,40.0,1458.3,11.39,1045,4.41,1381,4.41,True,11.09957627118644,0.6970338983050848,healthy,0.3792372881355932,65
"Babyhug Advanced Pant Style Diapers Extra Large (XL) Size   - 56 Pieces, Honeycomb Technology, Cottony Soft Diaper with 3D Leak Guard, Latex & Alcohol Free, Anti-rash & Gentle",Babyhug,Diapering,Baby Diapers,Extra Large,1399.0,57.0,598.63,10.69,62157,4.1,17639,4.1,False,28.09957627118644,0.9915254237288136,healthy,0.3177966101694915,46
"Pampers Active Baby Taped Diapers, Medium size diapers, (M) 90 count, taped style custom fit",Pampers,Diapering,Baby Diapers,Medium,1730.0,15.0,1466.52,16.29,4835,4.48,4491,4.48,True,-13.90042372881356,0.864406779661017,healthy,0.6398305084745762,85
Pampers Premium Care Pants M 104 | No Marks Design | India's Softest Diaper,Pampers,Diapering,Baby Diapers,Medium,2560.0,32.0,1747.46,16.8,557,4.48,5637,4.48,True,3.0995762711864394,0.6027542372881356,healthy,0.6546610169491526,85
Pampers Premium Care Pants XXL 90 | No Marks Design | India's Softest Diaper,Pampers,Diapering,Baby Diapers,XXL,4195.0,34.0,2777.09,30.86,3403,4.48,5637,4.48,True,5.099576271186439,0.826271186440678,healthy,0.8813559322033898,85
"Babyhug Advanced Pant Style Diapers Large (L) Size - 64 Pieces, Honeycomb Technology, Cottony Soft Diaper with 3D Leak Guard, Latex & Alcohol Free, Anti-rash & Gentle",Babyhug,Diapering,Baby Diapers,Large,1289.0,46.0,696.96,10.89,69282,4.1,17639,4.1,False,17.09957627118644,0.9936440677966102,healthy,0.3389830508474576,46
"Pampers Complete Skin Comfort Pants (XL) 112 Count, 12-17kg, Anti-rash blanket, 360 degree Lotion with Aloe Vera",Pampers,Diapering,Baby Diapers,Extra Large,2878.0,24.0,2175.77,19.43,307,4.24,6996,4.24,True,-4.900423728813561,0.4745762711864407,healthy,0.7351694915254238,85
Pampers Premium Care Pants XL 144 | No Marks Design | India's Softest Diaper,Pampers,Diapering,Baby Diapers,Extra Large,5696.0,36.0,3650.0,25.35,234,4.48,5637,4.48,True,7.099576271186439,0.4110169491525424,healthy,0.8559322033898306,85
R for Rabbit XL Size Premium Feather Diaper for Baby 12 to 17 kgs (70 Pack Offer),R for Rabbit,Diapering,Baby Diapers,Extra Large,1899.0,18.0,1556.04,22.23,1375,4.45,905,4.45,True,-10.90042372881356,0.7415254237288136,healthy,0.8082627118644068,24
Mother Sparsh Baby 99 % Pure Water (Unscented) Baby Wipes. Pack of 2 - 72 Pieces Super Saver Pack,Mother Sparsh Baby,Diapering,Baby Wipes,144 Pieces,568.0,30.0,399.02,0.0,10506,4.61,1583,4.61,True,-0.03488372093023173,0.7790697674418605,healthy,0.5058139534883721,8
Pampers Premium Care Pants L 16 | No Marks Design | India's Softest Diaper,Pampers,Diapering,Baby Diapers,Large,350.0,16.0,294.38,18.4,2169,4.48,5637,4.48,False,-12.90042372881356,0.7860169491525424,healthy,0.6949152542372882,85
Pampers Premium Care Pants M 20 | No Marks Design | India's Softest Diaper,Pampers,Diapering,Baby Diapers,Medium,350.0,20.0,280.0,14.0,294,4.48,5637,4.48,False,-8.90042372881356,0.4597457627118644,healthy,0.548728813559322,85
"Babyhug Advanced Pant Style Diapers Medium (M) Size - 76 Pieces, Honeycomb Technology, Cottony Soft Diaper with 3D Leak Guard, Latex & Alcohol Free, Anti-rash & Gentle",Babyhug,Diapering,Baby Diapers,Medium,1289.0,47.0,681.75,8.97,114156,4.1,17639,4.1,False,18.09957627118644,1.0,healthy,0.17372881355932204,46
R for Rabbit Large L Size Premium Feather Diaper for Baby 9 to 14 kgs (70 Pack Offer),R for Rabbit,Diapering,Baby Diapers,Large,1899.0,24.0,1451.6,20.74,236,4.45,905,4.45,True,-4.900423728813561,0.413135593220339,healthy,0.7669491525423728,24
"Pampers Active baby Tape Style Baby Diapers, Large (L), 100 Count, 9-14 kg, Adjustable Fit with 5 Star Skin Protection Diapers",Pampers,Diapering,Baby Diapers,Large,2249.0,19.0,1812.47,18.12,440,4.48,4491,4.48,True,-9.90042372881356,0.5444915254237288,healthy,0.6885593220338984,85
Pampers Premium Care Pants L 176 | No Marks Design | India's Softest Diaper,Pampers,Diapering,Baby Diapers,Large,5696.0,40.0,3429.56,19.49,175,4.48,5637,4.48,True,11.09957627118644,0.3559322033898305,healthy,0.7372881355932204,85
"Pampers Complete Skin Comfort Pants (XXL) 42 Count,15-25kg, Anti-rash blanket, 360 degree Lotion with Aloe Vera",Pampers,Diapering,Baby Diapers,XXL,1499.0,33.0,1010.18,24.05,2866,4.24,6996,4.24,False,4.099576271186439,0.809322033898305,healthy,0.8453389830508474,85
"MamyPoko Pants Extra Absorb Baby Diapers, Extra Extra Large (XXL size) | 15-25 kg | 44 Count |Deep Sleep Diapers| Soft gentle fit |Deep Absorbent Crisscross | skin friendly with coconut oil |",MamyPoko,Diapering,Baby Diapers,XXL,1312.0,36.0,835.74,18.99,337,4.41,1381,4.41,False,7.099576271186439,0.4957627118644068,healthy,0.7245762711864406,65
Babyhug Pro Bubble Care Premium Pant Style Diapers Double Extra Large (XXL) Size - 30 Pieces - New & Improved Superior Fit,Babyhug,Diapering,Baby Diapers,XXL,1449.0,43.0,825.93,27.53,35211,4.27,3330,4.27,False,14.09957627118644,0.9745762711864406,healthy,0.8665254237288136,46
Wowper Fresh Baby Diaper Pants By DOMS| Wetness Indicator | Upto 12 Hrs Absorption | 9-14 Kg | L  (62 Pieces),Wowper,Diapering,Baby Diapers,Large,1029.0,54.0,473.34,7.63,12599,4.05,1154,4.05,False,25.09957627118644,0.9300847457627118,healthy,0.06779661016949153,18
"Pampers Active baby Tape Style Baby Diapers, Extra Large (XL), 72 Count, 12+ kg, Adjustable Fit with 5 Star Skin Protection Diapers",Pampers,Diapering,Baby Diapers,XL,2100.0,8.0,1938.51,26.92,630,4.48,4491,4.48,True,-20.90042372881356,0.6207627118644068,healthy,0.864406779661017,85
R for Rabbit Medium Size Premium Feather Diaper for Baby 7 to 12 kgs (74 Combo Pack Offer),R for Rabbit,Diapering,Baby Diapers,Medium,1899.0,21.0,1491.85,20.16,140,4.45,905,4.45,True,-7.900423728813561,0.3177966101694915,healthy,0.7584745762711864,24
R for Rabbit XXXL Size Baby Premium Feather Diaper for Baby 18+ kgs (24 Combo Pack Offer),R for Rabbit,Diapering,Baby Diapers,XXXL,738.0,22.0,574.98,23.96,6019,4.45,905,4.45,False,-6.900423728813561,0.8813559322033898,healthy,0.8411016949152542,24
Babyhug Premium 98% Water Baby Wet Wipes with Moisturising Aloe Vera With Lid - 80 Pieces,Babyhug,Diapering,Baby Wipes,With Lid,160.0,37.0,100.8,0.0,120068,4.33,3012,4.33,False,6.965116279069768,0.9534883720930233,healthy,0.5058139534883721,18
R for Rabbit XXL Size Baby Premium Feather Diaper for Baby 15+ kgs (72 Pack Offer),R for Rabbit,Diapering,Baby Diapers,XX Large,2097.0,23.0,1619.3,22.49,468,4.45,905,4.45,True,-5.900423728813561,0.559322033898305,healthy,0.815677966101695,24
Pampers Premium Care Pants M 54 | No Marks Design | India's Softest Diaper,Pampers,Diapering,Baby Diapers,Medium,1399.0,33.0,943.21,17.47,3126,4.48,5637,4.48,False,4.099576271186439,0.8177966101694916,healthy,0.6758474576271186,85
Pampers Premium Care Pants Baby Diapers (XL) Size - 14 Pieces,Pampers,Diapering,Baby Diapers,Extra Large,350.0,8.0,322.0,23.0,1006,4.48,5637,4.48,False,-20.90042372881356,0.690677966101695,healthy,0.8220338983050848,85
Babyhug Pro Bubble Care Premium Tape Style Diaper Medium - 80 Pieces - New & Improved Superior Fit,Babyhug,Diapering,Baby Diapers,Medium (M),1999.0,51.0,985.11,12.31,5326,4.32,1895,4.32,True,22.09957627118644,0.875,healthy,0.4480932203389831,46
Pampers Premium Care Pants XXXL 19 | No Marks Design | India's Softest Diaper,Pampers,Diapering,Baby Diapers,XXXL,1399.0,43.0,799.11,42.06,1021,4.48,5637,4.48,False,14.09957627118644,0.6927966101694916,healthy,0.923728813559322,85
"Pampers Active Baby Taped Diapers, Small size diapers, (S) 92 count, taped style custom fit",Pampers,Diapering,Baby Diapers,Small,1699.0,8.0,1567.16,17.03,550,4.48,4491,4.48,True,-20.90042372881356,0.5932203389830508,healthy,0.6673728813559322,85
Pampers Premium Care Pants L 44 | No Marks Design | India's Softest Diaper,Pampers,Diapering,Baby Diapers,Large,1499.0,40.0,898.35,20.42,10179,4.48,5637,4.48,False,11.09957627118644,0.9216101694915254,healthy,0.760593220338983,85
Babyhug Pro Bubble Care Premium Tape Style Diaper Newborn (NB) Size - 86 Pieces - New & Improved Superior Fit,Babyhug,Diapering,Baby Diapers,Newborn (NB),1649.0,47.0,870.51,10.12,37193,4.32,1895,4.32,True,18.09957627118644,0.9766949152542372,healthy,0.2648305084745763,46
Wowper Fresh Baby Diaper Pants By DOMS | Witness Indicator | Upto 12 Hrs Absorption | 14-17 Kg | XL  (56 Pieces),Wowper,Diapering,Baby Diapers,Extra Large,1029.0,54.0,473.34,8.45,5513,4.05,1154,4.05,False,25.09957627118644,0.8771186440677966,healthy,0.1281779661016949,18
Pampers Premium Care Pants S 26 | No Marks Design | India's Softest Diaper,Pampers,Diapering,Baby Diapers,Small,350.0,7.0,325.01,12.5,3780,4.48,5637,4.48,False,-21.90042372881356,0.8453389830508474,healthy,0.461864406779661,85
Wowper Fresh Baby Diaper Pants By DOMS | Wetness Indicator | Upto 12 Hrs Absorption | 7-12 Kg | M  (72 Pieces),Wowper,Diapering,Baby Diapers,Medium,1029.0,54.0,473.34,6.57,7151,4.05,1154,4.05,False,25.09957627118644,0.8898305084745762,healthy,0.018008474576271187,18
"MamyPoko Pants Extra Absorb Baby Diapers, Medium (M size) | 7-12 kg | 148 Count |Deep Sleep Diapers| Soft gentle fit |Deep Absorbent Crisscross | skin friendly with coconut oil |",MamyPoko,Diapering,Baby Diapers,Medium,2437.0,40.0,1458.3,9.85,990,4.41,1381,4.41,True,11.09957627118644,0.6864406779661016,healthy,0.25,65
Pampers Active Baby Taped Style Diaper Pants (New Born XS) - 96 Pieces,Pampers,Diapering,Baby Diapers,New Born,1499.0,13.0,1300.08,13.54,2811,4.48,4491,4.48,False,-15.90042372881356,0.8050847457627118,healthy,0.5317796610169492,85
Pampers Premium Care Pants Diapers Size XXL 60 - White,Pampers,Diapering,Baby Diapers,XXL,2849.0,34.0,1866.66,31.11,418,4.48,5637,4.48,True,5.099576271186439,0.534957627118644,healthy,0.8877118644067796,85
"Babyhug Advanced Pant Style Diapers Small (S) Size - 84 Pieces, Honeycomb Technology, Cottony Soft Diaper with 3D Leak Guard, Latex & Alcohol Free, Anti-rash & Gentle",Babyhug,Diapering,Baby Diapers,Small,1289.0,50.0,642.57,7.65,7969,4.1,17639,4.1,False,21.09957627118644,0.9004237288135594,healthy,0.06991525423728813,46
"Pampers Complete Skin Comfort Pants (LG), 64 Count, 9-14kg, Anti-rash blanket, 360 degree Lotion with Aloe Vera",Pampers,Diapering,Baby Diapers,Large,1499.0,35.0,970.6,15.17,346,4.24,6996,4.24,False,6.099576271186439,0.5010593220338984,healthy,0.6016949152542372,85
"Pampers Complete Skin Comfort Pants (XXL) 84 Count, 12-17kg, Anti-rash blanket, 360 degree Lotion with Aloe Vera",Pampers,Diapering,Baby Diapers,XXL,2878.0,36.0,1830.7,21.79,95,4.24,6996,4.24,True,7.099576271186439,0.23622881355932204,moderate,0.8008474576271186,85
"Pampers Complete Skin Comfort Pants (LG) 128 Count, 9-14 kg, Anti-rash blanket, 360 degree Lotion with Aloe Vera",Pampers,Diapering,Baby Diapers,Large,2771.0,33.0,1855.74,14.5,225,4.24,6996,4.24,True,4.099576271186439,0.4046610169491525,healthy,0.5720338983050848,85
"Huggies Complete Comfort Wonder Pants, India's Fastest Absorbing Diaper | XL Size, 112 Diapers",Huggies,Diapering,Baby Diapers,Extra Large,2248.0,36.0,1445.01,12.9,332,4.2,7501,4.2,True,7.099576271186439,0.4915254237288136,healthy,0.4809322033898305,77
"Huggies Complete Comfort Wonder Pants, India's Fastest Absorbing Diaper | XXL Size, 96 Diapers",Huggies,Diapering,Baby Diapers,XXL,2396.0,41.0,1424.9,14.84,1175,4.2,7501,4.2,True,12.09957627118644,0.7203389830508474,healthy,0.5847457627118644,77
Pampers Premium Care Pants S 70 | No Marks Design | India's Softest Diaper,Pampers,Diapering,Baby Diapers,Small,1399.0,31.0,971.75,13.88,1850,4.48,5637,4.48,False,2.0995762711864394,0.7754237288135594,healthy,0.5466101694915254,85
"Babyhug Advanced Pant Style Diaper XXXL Size - 20 Pieces, Honeycomb Technology, Cottony Soft Diaper with 3D Leak Guard, Latex & Alcohol Free, Anti-rash & Gentle",Babyhug,Diapering,Baby Diapers,XXXL,1099.0,53.0,519.83,25.99,19003,4.1,17639,4.1,False,24.09957627118644,0.951271186440678,healthy,0.8601694915254238,46
"MamyPoko Pants Extra Absorb Baby Diapers, Large (L size) | 9-14 kg | 64 Count |Deep Sleep Diapers| Soft gentle fit |Deep Absorbent Crisscross | skin friendly with coconut oil |",MamyPoko,Diapering,Baby Diapers,Large,1312.0,36.0,835.74,13.06,10031,4.41,1381,4.41,False,7.099576271186439,0.9173728813559322,healthy,0.4925847457627119,65
Babyhug Pro Bubble Care Premium Tape Style Diaper Large - 88 Pieces - New & Improved Superior Fit,Babyhug,Diapering,Baby Diapers,Large (L),2340.0,41.0,1370.3,15.57,1790,4.32,1895,4.32,True,12.09957627118644,0.7711864406779662,healthy,0.6165254237288136,46
"MamyPoko Pants Extra Absorb Baby Diapers, Extra Large (XL size) | 12-17 kg | 52 Count |Deep Sleep Diapers| Soft gentle fit |Deep Absorbent Crisscross | skin friendly with coconut oil |",MamyPoko,Diapering,Baby Diapers,Extra Large,1312.0,36.0,835.74,16.07,3087,4.41,1381,4.41,False,7.099576271186439,0.815677966101695,healthy,0.635593220338983,65
"New Mamypoko Pants Premium All Night Absorb| Pant Style Baby Diapers Large Size(L), 62 Count, Ideal for 9-14Kgs",MamyPoko,Diapering,Baby Diapers,L,899.0,35.0,580.39,9.36,1563,4.22,1619,4.22,False,6.099576271186439,0.7584745762711864,healthy,0.2044491525423729,65
"Pampers Complete Skin Comfort Pants (LG) 192 Count, 9-14 kg, Anti-rash blanket, 360 degree Lotion with Aloe Vera",Pampers,Diapering,Baby Diapers,Large,4156.0,34.0,2728.0,14.21,145,4.24,6996,4.24,True,5.099576271186439,0.3199152542372881,healthy,0.559322033898305,85
Babyhug Advanced Tape Style Diapers New Born Size - 72 Pieces,Babyhug,Diapering,Baby Diapers,New Born,1012.0,47.0,540.0,7.5,19032,3.91,902,3.91,False,18.09957627118644,0.9533898305084746,healthy,0.059322033898305086,46
Pampers All round Protection Diaper Pants with Anti-rash Blanket Large (L) Size - 21 Pieces,Pampers,Diapering,Baby Diapers,Large,399.0,24.0,304.68,14.51,998,4.24,6996,4.24,False,-4.900423728813561,0.6885593220338984,healthy,0.5752118644067796,85
"Pampers Active Baby Taped Diapers, Large size diapers, (L) 78 count, taped style custom fit",Pampers,Diapering,Baby Diapers,Large,1730.0,8.0,1596.27,20.46,26495,4.48,4491,4.48,True,-20.90042372881356,0.9661016949152542,healthy,0.7627118644067796,85
Babyhug Pro Bubble Care Premium Tape Style Diaper (S) Small - 84 Pieces - New & Improved Superior Fit,Babyhug,Diapering,Baby Diapers,Small (S),1649.0,41.0,979.67,11.66,20983,4.32,1895,4.32,True,12.09957627118644,0.9597457627118644,healthy,0.4025423728813559,46
"Huggies Complete Comfort Wonder Pants, India's Fastest Absorbing Diaper | L Size, 128 Diapers",Huggies,Diapering,Baby Diapers,Large,2248.0,36.0,1445.01,11.29,953,4.2,7501,4.2,True,7.099576271186439,0.6779661016949152,healthy,0.3675847457627119,77
"Pampers Active Baby Diapers, New Born, Extra Small, (NB, XS) size, 72 Count, Taped style diaper",Pampers,Diapering,Baby Diapers,New Born,1120.0,10.0,1009.57,14.02,33779,4.48,4491,4.48,False,-18.90042372881356,0.972457627118644,healthy,0.551906779661017,85
"Pampers Complete Skin Comfort Pants (MD), 76 Count, 7-12kg, Anti-rash blanket, 360 degree Lotion with Aloe Vera",Pampers,Diapering,Baby Diapers,Medium,1499.0,38.0,933.88,12.29,660,4.24,6996,4.24,False,9.09957627118644,0.6292372881355932,healthy,0.4449152542372881,85
"Huggies Complete Comfort Wonder Pants, India's Fastest Absorbing Diaper | XL Size, 168 Diapers",Huggies,Diapering,Baby Diapers,Extra Large,3280.0,35.0,2145.12,12.77,1712,4.2,7501,4.2,True,6.099576271186439,0.7690677966101694,healthy,0.4724576271186441,77
Pampers Premium Care Pants XXL 30 | No Marks Design | India's Softest Diaper,Pampers,Diapering,Baby Diapers,XXL,1499.0,36.0,952.31,31.74,1159,4.48,5637,4.48,False,7.099576271186439,0.7139830508474576,healthy,0.8940677966101694,85
Pampers Premium Care Pants S 140 | No Marks Design | India's Softest Diaper,Pampers,Diapering,Baby Diapers,Small,2658.0,30.0,1849.7,13.21,274,4.48,5637,4.48,True,1.0995762711864394,0.4449152542372881,healthy,0.5063559322033898,85
Pampers Premium Care Pants M 216 | No Marks Design | India's Softest Diaper,Pampers,Diapering,Baby Diapers,Medium,5316.0,33.0,3568.63,16.52,111,4.48,5637,4.48,True,4.099576271186439,0.2764830508474576,moderate,0.6461864406779662,85
MamyPoko Premium Pant Style Diaper XL - 52 Pieces,MamyPoko,Diapering,Baby Diapers,XL,899.0,35.0,580.39,11.16,1062,4.22,1619,4.22,False,6.099576271186439,0.7055084745762712,healthy,0.3538135593220339,65
Babyoye Air Soft Premium Pant Style Diapers Medium - 54 Pieces | All Night Dryness | Prevents Diaper Rash | Upto 12 Hr Leakage Protection | Super Soft & Comfy | Quick Absorption,Babyoye,Diapering,Baby Diapers,Medium,1449.0,60.0,579.6,10.73,4470,4.17,290,4.17,False,31.09957627118644,0.8559322033898306,healthy,0.3252118644067797,11
Babyhug Advanced 99% Pure Water Unscented Baby Wipes Pack of 2 - 72 Pieces Each,Babyhug,Diapering,Baby Wipes,Pack of 2,560.0,41.0,330.4,0.0,45420,4.49,422,4.49,False,10.965116279069768,0.8953488372093024,healthy,0.5058139534883721,18
"Babyhug Advanced Pant Style Diaper New Born (NB) Size Monthly Box Pack - 102 Pieces, Honeycomb Technology, Cottony Soft Diaper with 3D Leak Guard, Latex & Alcohol Free, Anti-rash & Gentle",Babyhug,Diapering,Baby Diapers,New Born,1125.0,39.0,682.42,6.69,2825,4.1,17639,4.1,False,10.09957627118644,0.8072033898305084,healthy,0.023305084745762712,46
Wowper Fresh Baby Diaper Pants By DOMS | Wetness Indicator | Upto 12 Hrs Absorption | 15-25 Kg | XXL  (48 Pieces),Wowper,Diapering,Baby Diapers,XXL,1029.0,54.0,473.34,9.86,8862,4.05,1154,4.05,False,25.09957627118644,0.9088983050847458,healthy,0.2521186440677966,18
"New Mamypoko Pants Premium All Night Absorb| Pant Style Baby Diapers Medium Size(M), 70 Count, Ideal for 7-12Kgs",MamyPoko,Diapering,Baby Diapers,M,899.0,35.0,580.39,8.29,1308,4.22,1619,4.22,False,6.099576271186439,0.7351694915254238,healthy,0.11440677966101695,65
"Pampers All round Protection Pants Baby Diapers (XL) 20 Pieces , 12- 17 Kg",Pampers,Diapering,Baby Diapers,XL,425.0,12.0,374.0,18.7,299,4.24,6996,4.24,False,-16.90042372881356,0.4650423728813559,healthy,0.715042372881356,85
"Huggies Complete Comfort Wonder Pants, India's Fastest Absorbing Diaper | M Size, 228 Diapers",Huggies,Diapering,Baby Diapers,Medium,2899.0,26.0,2144.97,9.41,357,4.2,7501,4.2,True,-2.9004237288135606,0.5116525423728814,healthy,0.2076271186440678,77
Babyoye Air Soft Premium Pant Style Diapers Large - 44 Pieces | All Night Dryness | Prevents Diaper Rash | Upto 12 Hr Leakage Protection | Super Soft & Comfy | Quick Absorption,Babyoye,Diapering,Baby Diapers,Large,1299.0,60.0,519.6,11.81,160,4.17,290,4.17,False,31.09957627118644,0.3326271186440678,healthy,0.413135593220339,11
Pampers Premium Care Pants XL 36 | No Marks Design | India's Softest Diaper,Pampers,Diapering,Baby Diapers,Extra Large,1399.0,33.0,932.85,25.91,4267,4.48,5637,4.48,False,4.099576271186439,0.8538135593220338,healthy,0.8580508474576272,85
"Pampers Complete Skin Comfort Pants (XL), 168 Count, 12-17kg, Anti-rash blanket, 360 degree Lotion with Aloe Vera",Pampers,Diapering,Baby Diapers,Extra Large,3967.0,22.0,3094.26,18.42,104,4.24,6996,4.24,True,-6.900423728813561,0.2669491525423729,moderate,0.6970338983050848,85
"Babyhug Advanced Pant Style Diaper New Born (NB) - 34 Pieces, Honeycomb Technology, Cottony Soft Diaper with 3D Leak Guard, Latex & Alcohol Free, Anti-rash & Gentle",Babyhug,Diapering,Baby Diapers,New Born,399.0,38.0,246.5,7.25,20005,4.1,17639,4.1,False,9.09957627118644,0.9555084745762712,healthy,0.046610169491525424,46
Pampers Premium Care Pants NB 70 | No Marks Design | India's Softest Diaper,Pampers,Diapering,Baby Diapers,New Born,1349.0,41.0,796.85,11.38,1401,4.48,5637,4.48,False,12.09957627118644,0.7436440677966102,healthy,0.3771186440677966,85
"Babyhug Advanced Pant Style Diaper Small - 32 Pieces, Honeycomb Technology, Cottony Soft Diaper with 3D Leak Guard, Latex & Alcohol Free, Anti-rash & Gentle",Babyhug,Diapering,Baby Diapers,Small,375.0,16.0,313.27,9.79,43379,4.1,17639,4.1,False,-12.90042372881356,0.9788135593220338,healthy,0.24152542372881355,46
Huggies Complete Comfort Wonder Pants Triple Extra Large XXXL Baby Diaper Pants with 5 in 1 Comfort - 48 Pieces,Huggies,Diapering,Baby Diapers,XXXL,2598.0,47.0,1384.99,28.85,136,4.2,7501,4.2,True,18.09957627118644,0.3156779661016949,healthy,0.8771186440677966,77
Babyhug Advanced Tape Style Diapers Small Size - 36 Pieces,Babyhug,Diapering,Baby Diapers,Small,506.0,43.0,288.02,8.0,15044,3.91,902,3.91,False,14.09957627118644,0.9385593220338984,healthy,0.09745762711864407,46
"Huggies Complete Comfort Wonder Pants, India's Fastest Absorbing Diaper | L Size, 192 Diapers",Huggies,Diapering,Baby Diapers,Large,3280.0,35.0,2145.12,11.17,378,4.2,7501,4.2,True,6.099576271186439,0.5169491525423728,healthy,0.3559322033898305,77
Pampers Premium Care Pants Diapers Size M 162 Count With No Marks Design - White,Pampers,Diapering,Baby Diapers,Medium,3975.0,32.0,2691.87,16.62,551,4.48,5637,4.48,True,3.0995762711864394,0.5953389830508474,healthy,0.6483050847457628,85
"Pampers Complete Skin Comfort Pants (SM) 86 Count, 4-8 kg, Anti-rash blanket, 360 degree Lotion with Aloe Vera",Pampers,Diapering,Baby Diapers,Small,1249.0,34.0,820.59,9.54,536,4.24,6996,4.24,False,5.099576271186439,0.5889830508474576,healthy,0.22033898305084745,85
"MamyPoko Pants Extra Absorb Baby Diapers, Medium (M size) | 7-12 kg | 74 Count |Deep Sleep Diapers| Soft gentle fit |Deep Absorbent Crisscross | skin friendly with coconut oil |",MamyPoko,Diapering,Baby Diapers,Medium,1312.0,36.0,835.74,11.29,1711,4.41,1381,4.41,False,7.099576271186439,0.7669491525423728,healthy,0.3675847457627119,65
"Pampers Complete Skin Comfort Pants (MD) 152 Count, 7-12kg, Anti-rash blanket, 360 degree Lotion with Aloe Vera",Pampers,Diapering,Baby Diapers,Medium,2771.0,36.0,1765.4,11.61,120,4.24,6996,4.24,True,7.099576271186439,0.288135593220339,moderate,0.3961864406779661,85
Pampers Premium Care Pants No Marks Design Small - 90 Pieces,Pampers,Diapering,Baby Diapers,Small,1749.0,31.0,1214.68,13.5,896,4.48,5637,4.48,True,2.0995762711864394,0.6673728813559322,healthy,0.5296610169491526,85
"Pampers Active Baby Taped Diapers, Medium size diapers, (M) 62 count, taped style custom fit",Pampers,Diapering,Baby Diapers,Medium,1217.0,11.0,1085.2,17.5,3702,4.48,4491,4.48,False,-17.90042372881356,0.8432203389830508,healthy,0.6790254237288136,85
"Pampers Complete Skin Comfort Pants (XL) 56 Count, 12-17kg, Anti-rash blanket, 360 degree Lotion with Aloe Vera",Pampers,Diapering,Baby Diapers,Extra Large,1499.0,22.0,1162.17,20.75,512,4.24,6996,4.24,False,-6.900423728813561,0.576271186440678,healthy,0.7690677966101694,85
"Huggies Complete Comfort Wonder Pants, India's Fastest Absorbing Diaper | XL Size, 68 Diapers",Huggies,Diapering,Baby Diapers,Extra Large,1590.0,44.0,895.17,13.16,3592,4.2,7501,4.2,False,15.09957627118644,0.8305084745762712,healthy,0.5,77
R for Rabbit Small S Size Premium Feather Diaper for Baby 5 to 9 kgs (74 Pack Offer),R for Rabbit,Diapering,Baby Diapers,Small,1800.0,23.0,1384.02,18.7,2573,4.45,905,4.45,True,-5.900423728813561,0.7944915254237288,healthy,0.715042372881356,24
"Huggies Complete Comfort Wonder Pants, India's Fastest Absorbing Diaper | M Size, 152 Diapers",Huggies,Diapering,Baby Diapers,Medium,2248.0,36.0,1445.01,9.51,190,4.2,7501,4.2,True,7.099576271186439,0.3675847457627119,healthy,0.21610169491525424,77
"Huggies Complete Comfort Wonder Pants, India's Fastest Absorbing Diaper | M Size, 100 Diapers",Huggies,Diapering,Baby Diapers,Medium,1590.0,39.0,975.15,9.75,4642,4.2,7501,4.2,False,10.09957627118644,0.8601694915254238,healthy,0.23728813559322035,77
"Huggies Complete Comfort Wonder Pants, India's Fastest Absorbing Diaper | XL Size, 56 Diapers",Huggies,Diapering,Baby Diapers,Extra Large,1299.0,43.0,744.98,13.3,2776,4.2,7501,4.2,False,14.09957627118644,0.8029661016949152,healthy,0.510593220338983,77
Pampers Active Baby Taped Diapers Small Size - 66 Pieces,Pampers,Diapering,Baby Diapers,Small,1225.0,8.0,1128.71,17.1,131,4.48,4491,4.48,False,-20.90042372881356,0.3008474576271186,healthy,0.6694915254237288,85
"Pampers Complete Skin Comfort Pants (XXXL) 22 Count, 16-30 kg, Anti-rash blanket, 360 degree Lotion with Aloe Vera",Pampers,Diapering,Baby Diapers,XXXL,1249.0,29.0,881.29,40.06,264,4.24,6996,4.24,False,0.09957627118643941,0.4375,healthy,0.913135593220339,85
Babyoye Air Soft Premium Pant Style Diapers Small - 70 Pieces | All Night Dryness | Prevents Diaper Rash | Upto 12 Hr Leakage Protection | Super Soft & Comfy | Quick Absorption,Babyoye,Diapering,Baby Diapers,Small,1449.0,50.0,724.5,10.35,3055,4.17,290,4.17,False,21.09957627118644,0.8135593220338984,healthy,0.2902542372881356,11
"Huggies Complete Comfort Wonder Pants, India's Fastest Absorbing Diaper | L Size, 84 Diapers",Huggies,Diapering,Baby Diapers,Large,1590.0,39.0,965.13,11.49,8413,4.2,7501,4.2,False,10.09957627118644,0.9046610169491526,healthy,0.3866525423728814,77
Babyhug Pro Bubble Care Premium Tape Style Diaper Extra Large - 84 Pieces - New & Improved Superior Fit,Babyhug,Diapering,Baby Diapers,Extra Large (XL),2435.0,19.0,1980.63,23.58,8464,4.32,1895,4.32,True,-9.90042372881356,0.9067796610169492,healthy,0.8347457627118644,46
R for Rabbit Medium m Size Premium Feather Diaper for Baby 7 to 12 kgs (48 Pack Offer),R for Rabbit,Diapering,Baby Diapers,Medium,1215.0,21.0,958.03,19.96,9413,4.45,905,4.45,False,-7.900423728813561,0.913135593220339,healthy,0.7521186440677966,24
"Mamypoko pants Extra Absorb| Pant Style Baby Diapers (XXXL), 18 Count, 18-35kg||Deep Sleep Diapers| Soft gentle fit |Deep Absorbent Crisscross | skin friendly with coconut oil",MamyPoko,Diapering,Baby Diapers,XXXL,937.0,20.0,745.57,41.42,151,4.41,1381,4.41,False,-8.90042372881356,0.3283898305084746,healthy,0.9194915254237288,65
Huggies Natural Soft Premium Baby Diaper Pants Extra Large - 126 Pieces,Huggies,Diapering,Baby Diapers,XL,3897.0,41.0,2295.33,18.22,411,4.32,1666,4.32,True,12.09957627118644,0.527542372881356,healthy,0.690677966101695,77
R for Rabbit XL Size Premium Feather Diaper for Baby 12 to 17 kgs (46 Pack Offer),R for Rabbit,Diapering,Baby Diapers,Extra Large,1215.0,18.0,998.0,21.7,12827,4.45,905,4.45,False,-10.90042372881356,0.934322033898305,healthy,0.7976694915254238,24
Sebamed Baby Rash Cream|pH 5.5|Ideal for Diaper Rashes|100 ml,Sebamed,Diapering,Diaper Rash Cream,100 ml,630.0,5.0,598.5,0.0,1180,4.62,259,4.62,True,-5.333333333333334,0.8666666666666667,healthy,0.5333333333333333,1
"Huggies Dry Tape | Adjustable Tape Style Diapers, Large (L) Size (9-14 Kgs), Combo Pack of 104 | Up To 2X Faster Absorption, Up To 12 Hours Overnight Absorption",Huggies,Diapering,Baby Diapers,Large,1870.0,31.0,1295.16,12.45,542,3.98,2177,3.98,True,2.0995762711864394,0.5911016949152542,healthy,0.4576271186440678,77
"Huggies Complete Comfort Wonder Pants, India's Fastest Absorbing Diaper | M Size, 76 Diapers",Huggies,Diapering,Baby Diapers,Medium,1299.0,43.0,744.98,9.8,199,4.2,7501,4.2,False,14.09957627118644,0.3792372881355932,healthy,0.24470338983050846,77
Babyhug Milk Daily Moisturising Baby Wet Wipes 98% Water Pack of 6   - 72 Pieces Each,Babyhug,Diapering,Baby Wipes,Pack of 6,1194.0,46.0,638.79,0.0,9825,4.48,910,4.48,True,15.965116279069768,0.6976744186046512,healthy,0.5058139534883721,18
Pampers Premium Care Diaper Pants with No Marks Design - Pack of 92,Pampers,Diapering,Baby Diapers,New Born,1729.0,41.0,1011.64,11.0,292,4.48,5637,4.48,True,12.09957627118644,0.4565677966101695,healthy,0.3432203389830508,85
"Huggies Complete Comfort Wonder Pants, India's Fastest Absorbing Diaper | L Size, 64 Diapers",Huggies,Diapering,Baby Diapers,Large,1299.0,43.0,744.98,11.64,4023,4.2,7501,4.2,False,14.09957627118644,0.8495762711864406,healthy,0.3983050847457627,77
Babyoye Air Soft Premium Pant Style Diapers Extra Large - 36 Pieces | All Night Dryness | Prevents Diaper Rash | Upto 12 Hr Leakage Protection | Super Soft & Comfy | Quick Absorption,Babyoye,Diapering,Baby Diapers,Extra Large,1299.0,70.0,389.7,10.82,309,4.17,290,4.17,False,41.099576271186436,0.4766949152542373,healthy,0.3347457627118644,11
Mother Sparsh Baby Unscented 99 % Pure Water (Unscented) Baby Wipes  - 72 Pieces,Mother Sparsh Baby,Diapering,Baby Wipes,72 Pieces,299.0,30.0,208.01,0.0,57082,4.61,1583,4.61,False,-0.03488372093023173,0.9069767441860465,healthy,0.5058139534883721,8
"MamyPoko Pants Extra Absorb Baby Diapers, Small (S size) | 4-8 kg | 87 Count |Deep Sleep Diapers| Soft gentle fit |Deep Absorbent Crisscross | skin friendly with coconut oil |",MamyPoko,Diapering,Baby Diapers,Small,1312.0,36.0,835.74,9.61,962,4.41,1381,4.41,False,7.099576271186439,0.684322033898305,healthy,0.2277542372881356,65
"New Mamypoko Pants Premium All Night Absorb| Pant Style Baby Diapers Small Size(S), 87 Count, Ideal for 4-8Kgs",MamyPoko,Diapering,Baby Diapers,S,899.0,35.0,580.39,6.67,918,4.22,1619,4.22,False,6.099576271186439,0.6694915254237288,healthy,0.0211864406779661,65
Babyhug Premium 98% Water Baby Wet Wipes with Lemon Scent - 72 Pieces,Babyhug,Diapering,Baby Wipes,72 Pieces,125.0,41.0,73.75,0.0,73951,4.24,1094,4.24,False,10.965116279069768,0.9302325581395349,healthy,0.5058139534883721,18
Babyhug Pro Bubble Care Premium Pant Style Diaper New Born (NB) Size - 70 Pieces - New & Improved Superior Fit,Babyhug,Diapering,Baby Diapers,NB,1449.0,58.0,608.58,8.69,21093,4.27,3330,4.27,False,29.09957627118644,0.961864406779661,healthy,0.1440677966101695,46
Huggies Natural Soft Premium Baby Diaper Pants Large - 50 Pieces,Huggies,Diapering,Baby Diapers,Large,1299.0,42.0,755.24,15.1,466,4.32,1666,4.32,False,13.09957627118644,0.5572033898305084,healthy,0.5932203389830508,77
Babyhug Advanced Tape Style Diapers New Born Size - 24 Pieces,Babyhug,Diapering,Baby Diapers,New Born,338.0,45.0,186.0,7.75,26698,3.91,902,3.91,False,16.09957627118644,0.9682203389830508,healthy,0.07838983050847458,46
"LuvLap Diaper Pants XXL, 15-25kg, 46 Count, Baby Diaper Pants, with Aloe Vera Lotion for Rash Protection, upto 12 Hour protection, White",LuvLap,Diapering,Baby Diapers,XXL,949.0,38.0,591.99,12.87,458,4.15,246,4.15,False,9.09957627118644,0.551906779661017,healthy,0.475635593220339,27
Babyhug Advanced 99% Pure Water Unscented Baby Wipes - 72 Pieces,Babyhug,Diapering,Baby Wipes,Pack of 1,295.0,42.0,171.1,0.0,257366,4.49,422,4.49,False,11.965116279069768,1.0,healthy,0.5058139534883721,18
"Huggies Complete Comfort Wonder Pants, India's Fastest Absorbing Diaper | XXL Size, 48 Diapers",Huggies,Diapering,Baby Diapers,XXL,1198.0,39.0,726.83,15.14,12378,4.2,7501,4.2,False,10.09957627118644,0.9279661016949152,healthy,0.5953389830508474,77
Wowper Fresh Baby Diaper Pants | Large (L) Size - 124 Pieces 9-14 Kg | Pack of 2 | Wetness Indicator | Upto 12 Hrs Absorption,Wowper,Diapering,Baby Diapers,Large,2058.0,52.0,987.84,7.97,659,4.05,1154,4.05,True,23.09957627118644,0.6271186440677966,healthy,0.09110169491525423,18
"New Mamypoko Pants Premium All Night Absorb| Pant Style Baby Diapers XX- Large Size(XXL), 40 Count, Ideal for 15-25Kgs",MamyPoko,Diapering,Baby Diapers,XXL,899.0,35.0,580.39,14.51,456,4.22,1619,4.22,False,6.099576271186439,0.548728813559322,healthy,0.5752118644067796,65
"Huggies Complete Comfort Wonder Pants, India's Fastest Absorbing Diaper | Newborn Size, 90 Diapers",Huggies,Diapering,Baby Diapers,New Born,935.0,34.0,621.03,6.9,792,4.2,7501,4.2,False,5.099576271186439,0.6504237288135594,healthy,0.03283898305084746,77
"Huggies Complete Comfort Wonder Pants, India's Fastest Absorbing Diaper | XXL Size, 24 Diapers",Huggies,Diapering,Baby Diapers,XXL,599.0,40.0,361.38,15.06,1522,4.2,7501,4.2,False,11.09957627118644,0.7542372881355932,healthy,0.5911016949152542,77
"Pampers Complete Skin Comfort Pants (MD), 228 Count, 7-12kg, Anti-rash blanket, 360 degree Lotion with Aloe Vera",Pampers,Diapering,Baby Diapers,Medium,4156.0,38.0,2581.71,11.32,120,4.24,6996,4.24,True,9.09957627118644,0.288135593220339,moderate,0.3728813559322034,85
Pampers All round Protection Diaper Pants with Anti-Rash Blanket Extra Extra Large (XXL) Size - 16 Pieces,Pampers,Diapering,Baby Diapers,XXL,389.0,12.0,342.32,21.39,1302,4.24,6996,4.24,False,-16.90042372881356,0.7330508474576272,healthy,0.7902542372881356,85
Wowper Fresh Baby Diaper Pants | Medium (M) Size - 144 Pieces 7-12 Kg | Pack of 2 | Wetness Indicator | Upto 12 Hrs Absorption,Wowper,Diapering,Baby Diapers,Medium,2058.0,52.0,987.84,6.86,495,4.05,1154,4.05,True,23.09957627118644,0.5720338983050848,healthy,0.029661016949152543,18
Sudocrem Antiseptic Healing Cream - 60 grams,Sudocrem,Diapering,Diaper Rash Cream,60 g,795.0,5.0,755.25,0.0,851,4.46,135,4.46,True,-5.333333333333334,0.8,healthy,0.5333333333333333,3
Wowper Fresh Baby Diaper Pants By DOMS | Wetness Indicator |Upto 12 Hrs Absorption | 4-8 Kg | S  (78 Pieces),Wowper,Diapering,Baby Diapers,Small,1029.0,54.0,473.34,6.07,932,4.05,1154,4.05,False,25.09957627118644,0.6716101694915254,healthy,0.00423728813559322,18
Huggies Natural Soft Premium Baby Diaper Pants Medium - 60 Pieces,Huggies,Diapering,Baby Diapers,Medium,1299.0,39.0,794.86,13.25,1226,4.32,1666,4.32,False,10.09957627118644,0.7245762711864406,healthy,0.5084745762711864,77
"Huggies Complete Comfort Wonder Pants, India's Fastest Absorbing Diaper Large Size - 256 Diapers",Huggies,Diapering,Baby Diapers,Large,4999.0,46.0,2695.46,10.53,4,4.2,7501,4.2,True,17.09957627118644,0.014830508474576272,low,0.3050847457627119,77
Sudocrem Antiseptic Healing Cream 125 gm,Sudocrem,Diapering,Diaper Rash Cream,125 g,1095.0,10.0,985.5,0.0,770,4.46,135,4.46,True,-0.3333333333333339,0.7333333333333333,healthy,0.5333333333333333,3
Babyhug Milk Daily Moisturising Baby Wet Wipes 98% Water Pack of 2 - 72 Pieces Each,Babyhug,Diapering,Baby Wipes,Pack of 2,398.0,44.0,222.88,0.0,8766,4.48,910,4.48,False,13.965116279069768,0.6511627906976745,healthy,0.5058139534883721,18
"Pampers Active Baby Diapers, New Born, Extra Small, (NB, XS) size, 24 Count, Taped style diaper",Pampers,Diapering,Baby Diapers,New Born,374.0,7.0,349.43,14.56,16905,4.48,4491,4.48,False,-21.90042372881356,0.9449152542372882,healthy,0.5783898305084746,85
"Pampers Active Baby Taped Diapers, Large size diapers, (L) 50 count, taped style custom fit",Pampers,Diapering,Baby Diapers,Large,1217.0,8.0,1121.71,22.43,5199,4.48,4491,4.48,False,-20.90042372881356,0.8707627118644068,healthy,0.8114406779661016,85
Torrent Pharma Tedibar B4 Nappi cream for babies 75g  Diaper Rash Prevention Cream  Nappi cream for your newborns  Rash treatment cream for baby - By Torrent Pharma,Torrent Pharma,Diapering,Diaper Rash Cream,75 g,328.6,3.0,318.74,0.0,248,4.58,410,4.58,False,-7.333333333333334,0.26666666666666666,moderate,0.5333333333333333,1
Huggies Complete Comfort Wonder Pants Triple Extra Large XXXL Baby Diaper Pants with 5 in 1 Comfort - 24 Pieces,Huggies,Diapering,Baby Diapers,XXXL,1299.0,42.0,754.98,31.46,299,4.2,7501,4.2,False,13.09957627118644,0.4650423728813559,healthy,0.8919491525423728,77
"SuperBottoms BASIC Reusable Cloth Diaper for babies 3M - 3Y | Freesize Adjustable, Washable and Reusable Cloth Diaper for babies | Shell with insert | Pack of 7 | Fits 5-17 kg",SuperBottoms,Diapering,Cloth Diapers/ Nappies,Pack of 7,5243.0,71.0,1498.97,0.0,1602,3.91,146,3.91,True,39.7953216374269,0.9590643274853801,healthy,0.5029239766081871,87
"Babyhug Advanced Pant Style Diaper Medium (M) Size - 26 Pieces, Honeycomb Technology, Cottony Soft Diaper with 3D Leak Guard, Latex & Alcohol Free, Anti-rash & Gentle",Babyhug,Diapering,Baby Diapers,Medium,375.0,24.0,285.75,10.99,4791,4.1,17639,4.1,False,-4.900423728813561,0.8622881355932204,healthy,0.3411016949152542,46
Babyhug Pro Bubble Care Premium Tape Style Diaper XXL - 60 Pieces - New & Improved Superior Fit,Babyhug,Diapering,Baby Diapers,XXL,1870.0,32.0,1267.86,21.13,2915,4.32,1895,4.32,True,3.0995762711864394,0.8114406779661016,healthy,0.788135593220339,46
Huggies Natural Soft Premium Baby Diaper Pants Large - 100 Pieces,Huggies,Diapering,Baby Diapers,Large,2598.0,42.0,1514.63,15.15,414,4.32,1666,4.32,True,13.09957627118644,0.5296610169491526,healthy,0.597457627118644,77
Mamy Poko Pants Skin Breathe Care L - 174 Pieces,MamyPoko,Diapering,Baby Diapers,Large,3999.0,42.0,2315.42,13.31,96,4.4,1737,4.4,True,13.09957627118644,0.24046610169491525,moderate,0.5148305084745762,65
"Huggies Dry Tape | Adjustable Tape Style Diapers, Medium (M) Size (7-12 Kgs), Combo Pack of 120 | Up To 2X Faster Absorption, Up To 12 Hours Overnight Absorption",Huggies,Diapering,Baby Diapers,Medium,1950.0,31.0,1344.91,11.21,166,3.98,2177,3.98,True,2.0995762711864394,0.3411016949152542,healthy,0.3580508474576271,77
"MamyPoko Pants Extra Absorb Baby Diapers, Small (S size) | 4-8 kg | 174 Count |Deep Sleep Diapers| Soft gentle fit |Deep Absorbent Crisscross | skin friendly with coconut oil |",MamyPoko,Diapering,Baby Diapers,Small,2437.0,32.0,1653.26,9.5,130,4.41,1381,4.41,True,3.0995762711864394,0.298728813559322,moderate,0.21398305084745764,65
Lovingle Luxury Diaper Pants Large - 50 pieces,Pro-ease Lovingle,Diapering,Baby Diapers,Large,940.0,43.0,535.8,10.72,357,4.17,145,4.17,False,14.09957627118644,0.5116525423728814,healthy,0.3209745762711864,8
Allter Breeze Baby Diaper Pants | L Size (9-14 Kgs) | 30 Count | 12h Dryness| Super Soft | AirFit Technology for Breathable Comfort | Dermat Tested,Allter,Diapering,Baby Diapers,Large,899.0,20.0,719.02,23.97,227,3.79,9,3.79,False,-8.90042372881356,0.4078389830508475,healthy,0.8432203389830508,4
"Huggies Complete Comfort Wonder Pants, India's Fastest Absorbing Diaper | S Size, 172 Diapers",Huggies,Diapering,Baby Diapers,Small,2248.0,40.0,1344.75,7.82,264,4.2,7501,4.2,True,11.09957627118644,0.4375,healthy,0.0826271186440678,77
Huggies Natural Soft Premium Baby Diaper Pants Extra Large - 84 Pieces,Huggies,Diapering,Baby Diapers,XL,2598.0,40.0,1554.9,18.51,132,4.32,1666,4.32,True,11.09957627118644,0.3029661016949153,healthy,0.7033898305084746,77
"Huggies Natural Soft Premium Baby Diaper Pants, Double Extra Large (XXL) Size (15-25 Kgs), Pack of 36 | Cloud Softness All over",Huggies,Diapering,Baby Diapers,XXL,1198.0,38.0,744.8,20.69,135,4.32,1666,4.32,False,9.09957627118644,0.3114406779661017,healthy,0.7648305084745762,77
Babyhug Premium 98% Water Baby Wet Wipes with Moisturising Aloe Vera - 80 Pieces,Babyhug,Diapering,Baby Wipes,Without Lid,145.0,33.0,97.15,0.0,153472,4.33,3012,4.33,False,2.9651162790697683,0.9651162790697675,healthy,0.5058139534883721,18
"Mamypoko New Baby| Tape Style Baby Diapers 48 Count 3-5kg||2x Instant Absorption| Soft stretchy fit |Natural Extracts for Nourishment | Loose Stool Stopper, Wetness Indicator",MamyPoko,Diapering,Baby Diapers,New Born,937.0,27.0,684.67,14.26,98,4.5,6,4.5,False,-1.9004237288135606,0.2457627118644068,moderate,0.5614406779661016,65
Babyhug 100% Cotton Muslin Nappy Set Extra Small Pack Of 12 - Multicolor,Babyhug,Diapering,Cloth Diapers/ Nappies,NB,995.0,31.0,686.55,0.0,2334,4.44,309,4.44,False,-0.20467836257309813,0.9649122807017544,healthy,0.5029239766081871,61
Pampers All round Protection Diaper Pants with Anti-rash blanket Small (S) Size - 31 Pieces,Pampers,Diapering,Baby Diapers,Small,374.0,17.0,310.01,10.0,437,4.24,6996,4.24,False,-11.90042372881356,0.5423728813559322,healthy,0.2563559322033898,85
Huggies Natural Soft Premium Baby Diaper Pants Extra Large - 42 Pieces,Huggies,Diapering,Baby Diapers,XL,1299.0,39.0,794.86,18.93,623,4.32,1666,4.32,False,10.09957627118644,0.6175847457627118,healthy,0.7203389830508474,77
R for Rabbit XS New born Premium Feather Diaper nb Taped Size for Baby 0 to 5 kgs (44 Pack Offer),R for Rabbit,Diapering,Baby Diapers,Extra Small,963.0,23.0,739.97,16.82,1275,4.37,123,4.37,False,-5.900423728813561,0.7309322033898306,healthy,0.6567796610169492,24
"Huggies Dry Tape | Adjustable Tape Style Diapers, New Born (NB) Size (0-5 Kgs), Combo pack of 72 | Up To 2X Faster Absorption, Up To 12 Hours Overnight Absorption",Huggies,Diapering,Baby Diapers,New Born,1060.0,37.0,665.36,9.24,5561,3.98,2177,3.98,False,8.09957627118644,0.8792372881355932,healthy,0.1906779661016949,77
R for Rabbit XXL Size Baby Premium Feather Diaper for Baby 15+ kgs (46 Pack Offer),R for Rabbit,Diapering,Baby Diapers,XX Large,1350.0,22.0,1046.79,22.76,31,4.45,905,4.45,False,-6.900423728813561,0.10699152542372882,moderate,0.8177966101694916,24
Babyhug Wet Wipes with Aloe Vera - 72 Pieces,Babyhug,Diapering,Baby Wipes,Pack of 72,149.0,46.0,80.46,0.0,156941,4.24,15,4.24,False,15.965116279069768,0.9767441860465116,healthy,0.5058139534883721,18
Wowper Fresh Baby Diaper Pants | Double Extra Large (XXL) Size - 96 Pieces 15-25 Kg | Pack of 2 | Wetness Indicator | Upto 12 Hrs Absorption,Wowper,Diapering,Baby Diapers,XXL,2058.0,52.0,987.84,10.29,459,4.05,1154,4.05,True,23.09957627118644,0.5550847457627118,healthy,0.2860169491525424,18
Huggies Natural Soft Premium Baby Diaper Pants Sumo Pack Large - 150 Pieces,Huggies,Diapering,Baby Diapers,Large,3897.0,42.0,2273.9,15.16,163,4.32,1666,4.32,True,13.09957627118644,0.336864406779661,healthy,0.5995762711864406,77
"Huggies Complete Comfort Wonder Pants, India's Fastest Absorbing Diaper | S Size, 112 Diapers",Huggies,Diapering,Baby Diapers,Small,1590.0,44.0,895.17,7.99,1455,4.2,7501,4.2,False,15.09957627118644,0.75,healthy,0.09533898305084745,77
Teddyy Easy Diaper Pants with Rash Protection and 3x Faster absorption Technology - L  (62 Pieces),Teddyy,Diapering,Baby Diapers,Large,949.0,47.0,498.98,8.05,243,3.82,571,3.82,False,18.09957627118644,0.4216101694915254,healthy,0.1059322033898305,13
"Huggies Adjustable Dry Tape Style Diapers, Small (S) Size (4-8 Kgs), Combo Pack of 68 | Up To 2X Faster Absorption, Up To 12 Hours Overnight Absorption",Huggies,Diapering,Baby Diapers,Small,1060.0,37.0,665.36,9.78,155,3.98,2177,3.98,False,8.09957627118644,0.3305084745762712,healthy,0.23940677966101695,77
Babyoye Air Soft Premium Pant Style Diapers XXL - 30 Pieces | All Night Dryness | Prevents Diaper Rash | Upto 12 Hr Leakage Protection | Super Soft & Comfy | Quick Absorption,Babyoye,Diapering,Baby Diapers,XXL,1299.0,68.0,415.68,13.86,8019,4.17,290,4.17,False,39.099576271186436,0.902542372881356,healthy,0.5444915254237288,11
"LuvLap Disposable Baby Underpad Cum Changing Mats, 20 Count 60x60 CM, Waterproof, Breathable, Non-Slip Backsheet, 100% Water Proof Bed Protector, Hypoallergenic",LuvLap,Diapering,Diaper Changing Pads/Mats,L 60 x B 60 cm,558.0,33.0,374.98,0.0,449,4.48,26,4.48,False,0.9259259259259238,0.5925925925925926,healthy,0.5061728395061729,15
.allter Breeze Baby Diaper Pants |Â M Size (7-12 Kgs) | 32 Count | 12h Dryness| Super Soft | AirFit Technology for Breathable Comfort | Dermat Tested,Allter,Diapering,Baby Diapers,M,899.0,20.0,719.02,22.47,27,3.79,9,3.79,False,-8.90042372881356,0.09004237288135593,low,0.8135593220338984,4
Huggies Natural Soft Premium Baby Diaper Pants Medium - 120 Pieces,Huggies,Diapering,Baby Diapers,Medium,2598.0,40.0,1554.9,12.96,347,4.32,1666,4.32,True,11.09957627118644,0.5052966101694916,healthy,0.4851694915254237,77
Babyhug Padded Potty Training Pants Pack of 3 - Size 1 - Sports Print Blue| Reusable Cotton Training Diapers| Toddler Pull-Up Underwear| Absorbent| Washable Cloth Diapers,Babyhug,Diapering,Cloth Diapers/ Nappies,12-24 M,879.0,45.0,483.45,0.0,105,3.67,23,3.67,False,13.795321637426902,0.5146198830409356,healthy,0.5029239766081871,61
"Huggies Natural Soft Overnite Diaper Pants| Premium Pant Style Baby Diapers Large Size (L Size | 9-14 Kgs) , 34 count| Keeps baby dry all night with cloud softness all over",Huggies,Diapering,Baby Diapers,Large,899.0,28.0,645.12,18.97,403,4.43,272,4.43,False,-0.9004237288135606,0.5233050847457628,healthy,0.722457627118644,77
Sudocrem Antiseptic Healing Cream 250 g,Sudocrem,Diapering,Diaper Rash Cream,250 g,1595.0,12.0,1403.6,0.0,398,4.46,135,4.46,True,1.666666666666666,0.4666666666666667,healthy,0.5333333333333333,3
Mother Sparsh Baby 99% Pure Water Baby Wipes Super Saver Travel Friendly Combo Pack Wipes Made with Plant Based Fabric Pack of 2 - 40 Pieces Each,Mother Sparsh Baby,Diapering,Baby Wipes,Pack of 2,399.0,20.0,319.0,0.0,1799,4.61,1583,4.61,False,-10.034883720930232,0.5232558139534884,healthy,0.5058139534883721,8
"Huggies Complete Comfort Wonder Pants, India's Fastest Absorbing Diaper | S Size, 86 Diapers",Huggies,Diapering,Baby Diapers,Small,1299.0,47.0,694.19,8.07,11957,4.2,7501,4.2,False,18.09957627118644,0.9258474576271186,healthy,0.10805084745762712,77
Pampers Happy Sleep Pant Style Baby Diaper (L) 1 Pampers = 1 Night Sleep with Anti Rash Shield ( 7 to 12 Kg )- 40 Pieces,Pampers,Diapering,Baby Diapers,Large,599.0,14.0,515.14,12.88,238,4.09,26,4.09,False,-14.90042372881356,0.4152542372881356,healthy,0.4788135593220339,85
Allter Breeze Baby Diaper Pants | XL Size (12-17 Kg) | 26 Count | 12h Dryness| Super Soft | AirFit Technology for Breathable Comfort | Dermat Tested,Allter,Diapering,Baby Diapers,XL,899.0,20.0,719.02,27.65,198,3.79,9,3.79,False,-8.90042372881356,0.3771186440677966,healthy,0.8686440677966102,4
"Pampers Complete Skin Comfort Pants (NB) 86 Count, Upto 5kg, Anti-rash blanket, 360 degree Lotion with Aloe Vera",Pampers,Diapering,Baby Diapers,New Born,1159.0,30.0,816.4,9.49,287,4.24,6996,4.24,False,1.0995762711864394,0.451271186440678,healthy,0.211864406779661,85
R for Rabbit Large L Size Premium Feather Diaper for Baby 9 to 14 kgs (24 Pack Offer),R for Rabbit,Diapering,Baby Diapers,Large,693.0,20.0,556.13,23.17,63,4.45,905,4.45,False,-8.90042372881356,0.1684322033898305,moderate,0.826271186440678,24
Huggies Natural Soft Premium Baby Diaper Pants Medium - 180 Pieces,Huggies,Diapering,Baby Diapers,Medium,3897.0,41.0,2295.33,12.75,185,4.32,1666,4.32,True,12.09957627118644,0.3601694915254237,healthy,0.4682203389830508,77
Babyhug Premium 98% Water Baby Wet Wipes with Moisturising Aloe Vera Pack Of 6 - 80 Piece Each,Babyhug,Diapering,Baby Wipes,Without Lid,870.0,63.0,321.9,0.0,63829,4.33,3012,4.33,True,32.96511627906977,0.9186046511627907,healthy,0.5058139534883721,18
"Cetaphil Baby Diaper Rash Cream with Organic Calendula 70 gm | Soothes, Repairs & Protects from First Use | Zinc Oxide Barrier, Chamomile & Shea Butter | For Sensitive Baby Skin",Cetaphil Baby,Diapering,Diaper Rash Cream,70 g,449.0,7.0,417.57,0.0,1616,4.53,81,4.53,False,-3.333333333333334,0.9333333333333333,healthy,0.5333333333333333,1
"Huggies Dry Tape | Adjustable Tape Style Diapers, Medium (M) Size (7-12 Kgs), Pack of 60 | Up To 2X Faster Absorption, Up To 12 Hours Overnight Absorption",Huggies,Diapering,Baby Diapers,Medium,975.0,29.0,695.08,11.58,10061,3.98,2177,3.98,False,0.09957627118643941,0.9194915254237288,healthy,0.3940677966101695,77
Pampers Premium Care Pants NB 30 | No Marks Design | India's Softest Diaper,Pampers,Diapering,Baby Diapers,New Born,350.0,8.0,322.0,10.73,530,4.48,5637,4.48,False,-20.90042372881356,0.5847457627118644,healthy,0.3252118644067797,85
"MamyPoko Pants Extra Absorb Baby Diapers, Large (L size) | 9-14 kg | 48 Count |Deep Sleep Diapers| Soft gentle fit |Deep Absorbent Crisscross | skin friendly with coconut oil |",MamyPoko,Diapering,Baby Diapers,Large,937.0,20.0,745.57,15.53,190,4.41,1381,4.41,False,-8.90042372881356,0.3675847457627119,healthy,0.6122881355932204,65
Lovingle Luxury Diaper Pants Medium - 58 pieces,Pro-ease Lovingle,Diapering,Baby Diapers,Medium,940.0,43.0,535.8,9.24,163,4.17,145,4.17,False,14.09957627118644,0.336864406779661,healthy,0.1906779661016949,8
Babyhug Premium 98% Water Baby Wet Wipes with Moisturising Aloe Vera Pack Of 12 - 80 Piece Each,Babyhug,Diapering,Baby Wipes,Without Lid,1740.0,65.0,609.0,0.0,30271,4.33,3012,4.33,True,34.96511627906977,0.8604651162790697,healthy,0.5058139534883721,18
"Huggies Complete Comfort Wonder Pants, India's Fastest Absorbing Diaper | M Size, 50 Diapers",Huggies,Diapering,Baby Diapers,Medium,795.0,38.0,494.89,9.9,3651,4.2,7501,4.2,False,9.09957627118644,0.836864406779661,healthy,0.2542372881355932,77
"Huggies Complete Comfort Wonder Pants, India's Fastest Absorbing Diaper | L Size, 32 Diapers",Huggies,Diapering,Baby Diapers,Large,510.0,24.0,386.17,12.07,679,4.2,7501,4.2,False,-4.900423728813561,0.6334745762711864,healthy,0.4322033898305085,77
Teddyy Easy Diaper Pants with Rash Protection and 3x Faster absorption Technology - XL  (54 Pieces),Teddyy,Diapering,Baby Diapers,XL,949.0,47.0,498.98,9.24,163,3.82,571,3.82,False,18.09957627118644,0.336864406779661,healthy,0.1906779661016949,13
Babyhug Smart Dry Bed Protector Sheet Small - Sky Blue,Babyhug,Diapering,Diaper Changing Pads/Mats,Small,189.0,38.0,117.18,0.0,7988,4.39,2274,4.39,False,5.925925925925924,0.9876543209876543,healthy,0.5061728395061729,30
"Huggies Natural Soft Premium Tape Diapers Newborn/Extra Small (NB/XS) Size, Upto 5 kgs, 64 Count (Pack of 2)| Our No.1 Soft Taped Diaper with Cloud Soft Bed, designed for Newborns with Runny Poo Absorption",Huggies,Diapering,Baby Diapers,NB,1098.0,32.0,745.43,11.65,297,4.48,150,4.48,False,3.0995762711864394,0.461864406779661,healthy,0.4004237288135593,77
"Babyhug Advanced Pant Style Diapers Large (L) Size - 23 Pieces, Honeycomb Technology, Cottony Soft Diaper with 3D Leak Guard, Latex & Alcohol Free, Anti-rash & Gentle",Babyhug,Diapering,Baby Diapers,Large,399.0,17.0,330.13,14.35,3468,4.1,17639,4.1,False,-11.90042372881356,0.8283898305084746,healthy,0.5677966101694916,46
Babyhug Smart Dry Bed Protector Mat Super Saver Pack of 5 Small - Multicolour,Babyhug,Diapering,Diaper Changing Pads/Mats,L 70 x B 50 cm,899.0,38.0,557.38,0.0,1435,4.45,94,4.45,True,5.925925925925924,0.7901234567901234,healthy,0.5061728395061729,30
R for Rabbit XS New Born Premium Feather Diaper Pant Style for Baby 0 to 5 kgs (44 Combo Pack Offer),R for Rabbit,Diapering,Baby Diapers,Extra Small,900.0,17.0,745.02,16.93,2648,4.45,905,4.45,False,-11.90042372881356,0.798728813559322,healthy,0.663135593220339,24
SuperBottoms DryFeel Langot for 0-9M Babies | 100% Cotton Padding | Day Dreamer | Pack of 3 | 0-5kg | Size S,SuperBottoms,Diapering,Cloth Diapers/ Nappies,0-5kg,597.0,21.0,469.0,0.0,394,3.81,340,3.81,False,-10.204678362573098,0.8391812865497076,healthy,0.5029239766081871,87
"MamyPoko Pants Extra Absorb Baby Diapers, Medium (M size) | 7-12 kg | 56 Count |Deep Sleep Diapers| Soft gentle fit |Deep Absorbent Crisscross | skin friendly with coconut oil |",MamyPoko,Diapering,Baby Diapers,Medium,937.0,20.0,745.57,13.31,119,4.41,1381,4.41,False,-8.90042372881356,0.2838983050847458,moderate,0.5148305084745762,65
Babyhug Milk Daily Moisturising Baby Wet Wipes 98% Water - 72 Pieces,Babyhug,Diapering,Baby Wipes,72 Pieces,199.0,19.0,160.19,0.0,88902,4.48,910,4.48,False,-11.034883720930232,0.9418604651162791,healthy,0.5058139534883721,18
"MamyPoko Pants Extra Absorb Baby Diapers, Extra Large (XL size) | 12-17 kg | 40 Count |Deep Sleep Diapers| Soft gentle fit |Deep Absorbent Crisscross | skin friendly with coconut oil |",MamyPoko,Diapering,Baby Diapers,Extra Large,937.0,20.0,745.57,18.64,167,4.41,1381,4.41,False,-8.90042372881356,0.3453389830508475,healthy,0.7097457627118644,65
"Pampers Active Baby Taped Diapers, Small size diapers, (S) 22 count, taped style custom fit",Pampers,Diapering,Baby Diapers,Small,374.0,4.0,360.65,16.39,7705,4.48,4491,4.48,False,-24.90042372881356,0.8961864406779662,healthy,0.6419491525423728,85
Teddyy Easy Diaper Pants with Rash Protection and 3x Faster absorption Technology - M  (74 Pieces),Teddyy,Diapering,Baby Diapers,Medium,949.0,47.0,498.98,6.74,95,3.82,571,3.82,False,18.09957627118644,0.23622881355932204,moderate,0.025423728813559324,13
Mamy Poko Pants Skin Breathe Care Medium - 124 Pieces,MamyPoko,Diapering,Baby Diapers,Medium,2649.0,43.0,1505.96,12.14,1270,4.4,1737,4.4,True,14.09957627118644,0.7288135593220338,healthy,0.4385593220338983,65
Pampers Active Baby Taped Diapers Extra Large - 38 Pieces,Pampers,Diapering,Baby Diapers,XL,1299.0,8.0,1195.08,31.45,215,4.48,4491,4.48,False,-20.90042372881356,0.3961864406779661,healthy,0.8898305084745762,85
"MamyPoko Pants Extra Absorb Baby Diapers, New Born (NB size) | 0-5 kg | 99 Count |Deep Sleep Diapers| Soft gentle fit |Deep Absorbent Crisscross | skin friendly with coconut oil |",MamyPoko,Diapering,Baby Diapers,New Born,1312.0,36.0,835.74,8.44,218,4.41,1381,4.41,False,7.099576271186439,0.4004237288135593,healthy,0.125,65
Little Angel Easy Dry Pull-Up Diaper Pants Large - 62 Pieces,Little Angel,Diapering,Baby Diapers,Large,1029.0,47.0,548.97,8.85,9,4.15,50,4.15,False,18.09957627118644,0.029661016949152543,low,0.15783898305084745,7
Babyhug Pro Bubble Care Premium Pant Style Diapers Medium (M) Size - 22 Pieces - New & Improved Superior Fit,Babyhug,Diapering,Baby Diapers,Medium,559.0,34.0,367.21,16.69,59523,4.27,3330,4.27,False,5.099576271186439,0.989406779661017,healthy,0.6504237288135594,46
"Huggies Dry Tape | Adjustable Tape Style Diapers, Large (L) Size (9-14 Kgs), Pack of 52 | Up To 2X Faster Absorption, Up To 12 Hours Overnight Absorption",Huggies,Diapering,Baby Diapers,Large,935.0,28.0,674.98,12.98,306,3.98,2177,3.98,False,-0.9004237288135606,0.4724576271186441,healthy,0.4872881355932203,77
Babyhug Pro Bubble Care Premium Tape Style Diaper for New Born (NB) Size - 22 Pieces - New & Improved Superior Fit,Babyhug,Diapering,Baby Diapers,Newborn (NB),420.0,34.0,277.79,12.63,5250,4.32,1895,4.32,False,5.099576271186439,0.8728813559322034,healthy,0.4661016949152542,46
Allter Breeze Baby Diaper Pants | S Size (4-8 Kg) | 36 Count | 12h Dryness| Super Soft | AirFit Technology for Breathable Comfort | Dermat Tested,Allter,Diapering,Baby Diapers,Small,899.0,20.0,719.02,19.97,282,3.79,9,3.79,False,-8.90042372881356,0.4470338983050847,healthy,0.7542372881355932,4
Himalaya Moisturizing Baby Wipes - 72 Wipes (Buy 3 Get 1 Free - 288 wipes),Himalaya Babycare,Diapering,Baby Wipes,Pack of 72,540.0,0.0,540.0,0.0,257,4.19,1,4.19,False,-30.03488372093023,0.32558139534883723,healthy,0.5058139534883721,5
Little Angel Easy Dry Pull-Up Diaper Pants Extra Large - 54 Pieces,Little Angel,Diapering,Baby Diapers,Extra Large,1029.0,47.0,548.97,10.17,73,4.15,50,4.15,False,18.09957627118644,0.2055084745762712,moderate,0.2764830508474576,7
Mee Mee Caring Baby Wet Wipes with Lemon & Aloe Vera Pack of 5 - 360 Pieces,Mee Mee,Diapering,Baby Wipes,360 Pieces,495.0,26.0,363.92,0.0,2418,4.29,30,4.29,False,-4.034883720930232,0.5465116279069767,healthy,0.5058139534883721,6
Mylo Baby Diaper Pants Large with ADL Technology Pack of 4 - 128 Pants,Mylo,Diapering,Baby Diapers,Large,1868.0,28.0,1344.96,10.51,513,3.9,167,3.9,True,-0.9004237288135606,0.5783898305084746,healthy,0.3008474576271186,13
"Little's Soft Cleansing Baby Wipes with Lid | 80 Wipes x Pack of 5 - 400 Wipes | Extra Thick & Moist Wet Wipes for Baby's | Prevents Rashes & Redness with Goodness of Aloe Vera, Vitamin E & Jojoba Oil",Little's,Diapering,Baby Wipes,Pack of 5,580.0,10.0,522.0,0.0,89,4.44,206,4.44,True,-20.03488372093023,0.1744186046511628,moderate,0.5058139534883721,6
Bella Baby Happy Diapers Small - 80 Pieces,Bella,Diapering,Baby Diapers,Small,1780.0,28.0,1281.6,16.02,78,4.44,25,4.44,True,-0.9004237288135606,0.21398305084745764,moderate,0.6334745762711864,4
Pampers Taped Diapers Large - 60 Pieces,Pampers,Diapering,Baby Diapers,Large,1217.0,8.0,1119.64,18.66,104,4.16,845,4.16,False,-20.90042372881356,0.2669491525423729,moderate,0.711864406779661,85
"Huggies Complete Comfort Wonder Pants, India's Fastest Absorbing Diaper | L Size, 42 Diapers",Huggies,Diapering,Baby Diapers,Large,795.0,38.0,494.89,11.78,418,4.2,7501,4.2,False,9.09957627118644,0.534957627118644,healthy,0.4110169491525424,77
"LuvLap Pant Style Baby Diapers, Large (L), 62 Count, Aloe Vera Lotion, 12hr Protection, White",LuvLap,Diapering,Baby Diapers,Large,949.0,33.0,636.02,10.26,488,4.15,246,4.15,False,4.099576271186439,0.5677966101694916,healthy,0.2807203389830508,27
"LuvLap Aloe Vera Baby Wipes with Fliptop Lid, Paraben-Free, Soft & Thick Baby Wipes, 72/Pack, Pack of 6  Green",LuvLap,Diapering,Baby Wipes,Pack of 6,690.0,45.0,379.02,0.0,670,4.42,110,4.42,True,14.965116279069768,0.45348837209302323,healthy,0.5058139534883721,7
Teddyy Baby Easy Tape Diapers Medium 63 Diapers (Pack of 1)  6-11 kgs,Teddyy,Diapering,Baby Diapers,Medium,750.0,15.0,639.0,10.14,212,3.67,163,3.67,False,-13.90042372881356,0.3908898305084746,healthy,0.2690677966101695,13
R for Rabbit Medium m Size Premium Feather Diaper for Baby 7 to 12 kgs (26 Pack Offer),R for Rabbit,Diapering,Baby Diapers,Medium,648.0,16.0,544.0,20.92,27546,4.45,905,4.45,False,-12.90042372881356,0.9703389830508474,healthy,0.7838983050847458,24
R For Rabbit Feather Aqua Baby Wipes Combo Pack Of 78 Units | Pure Water Wet Wipes for Babies With Lid (Pack of 1),R for Rabbit,Diapering,Baby Wipes,Pack of 1,144.0,3.0,140.0,0.0,24183,4.21,45,4.21,False,-27.03488372093023,0.8488372093023255,healthy,0.5058139534883721,2
Pampers Happy Sleep Pant Style Baby Diaper 1 Pampers 1 Night Sleep with Anti Rash Shield M - 48 Pieces,Pampers,Diapering,Baby Diapers,Medium,560.0,14.0,481.6,10.03,241,4.09,26,4.09,False,-14.90042372881356,0.4173728813559322,healthy,0.2584745762711864,85
Pampers Happy Sleep Pant Style Baby Diaper 1 Pampers 1 Night Sleep with Anti Rash Shield XL - 34 Pieces,Pampers,Diapering,Baby Diapers,Extra Large,625.0,14.0,537.5,15.81,555,4.09,26,4.09,False,-14.90042372881356,0.5995762711864406,healthy,0.625,85
Babyhug Muslin Cloth Nappy Set of 12 Extra Small - Multicolor Whale Print,Babyhug,Diapering,Cloth Diapers/ Nappies,NB,1249.0,31.0,861.81,0.0,471,4.41,141,4.41,False,-0.20467836257309813,0.8538011695906432,healthy,0.5029239766081871,61
"Teddyy Baby Diapers Easy Xlarge 56 Pieces,Taped Style Diaper",Teddyy,Diapering,Baby Diapers,XL,750.0,15.0,639.0,11.41,125,3.67,163,3.67,False,-13.90042372881356,0.2966101694915254,moderate,0.3813559322033898,13
"Huggies Natural Soft Overnite Diaper Pants| Premium Pant Style Baby Diapers Extra Large Size (XL Size | 12-17 Kgs) , 28 count| Keeps baby dry all night with cloud softness all over",Huggies,Diapering,Baby Diapers,XL,899.0,28.0,645.12,23.04,191,4.43,272,4.43,False,-0.9004237288135606,0.3707627118644068,healthy,0.8241525423728814,77
R for Rabbit Small S Size Premium Feather Diaper for Baby 5 to 9 kgs (48 Pack Offer),R for Rabbit,Diapering,Baby Diapers,Small,1215.0,23.0,929.96,19.37,6495,4.45,905,4.45,False,-5.900423728813561,0.885593220338983,healthy,0.7330508474576272,24
Babyhug Smart Dry Bed Protector Sheet Small - Maroon,Babyhug,Diapering,Diaper Changing Pads/Mats,Small,189.0,38.0,117.18,0.0,3056,4.39,2274,4.39,False,5.925925925925924,0.8888888888888888,healthy,0.5061728395061729,30
Mamy Poko Pants Skin Breathe Care Medium - 62 Pieces,MamyPoko,Diapering,Baby Diapers,Medium,1349.0,43.0,764.88,12.34,1591,4.4,1737,4.4,False,14.09957627118644,0.7627118644067796,healthy,0.451271186440678,65
Mamy Poko Pants Skin Breathe Care Large - 52 Pieces,MamyPoko,Diapering,Baby Diapers,Large,1349.0,42.0,778.37,14.97,2654,4.4,1737,4.4,False,13.09957627118644,0.8008474576271186,healthy,0.586864406779661,65
R For Rabbit Feather Tape Style Diaper with Fast Absorption Technology Size Small  - Pack of 48,R for Rabbit,Diapering,Baby Diapers,Small,1296.0,26.0,956.06,19.92,420,4.37,123,4.37,False,-2.9004237288135606,0.538135593220339,healthy,0.7478813559322034,24
Bella Baby Happy Diapers Extra Small - 80 Pieces,Bella,Diapering,Baby Diapers,New Born (NB/XS),1687.0,28.0,1214.64,15.18,52,4.44,25,4.44,True,-0.9004237288135606,0.15783898305084745,moderate,0.6038135593220338,4
Mamy Poko Pants Skin Breathe Care Large - 104 Pieces,MamyPoko,Diapering,Baby Diapers,Large,2649.0,42.0,1532.45,14.74,3213,4.4,1737,4.4,True,13.09957627118644,0.8199152542372882,healthy,0.5805084745762712,65
Babyhug Pro Bubble Care Premium Tape Style Diaper Medium - 25 Pieces - New & Improved Superior Fit,Babyhug,Diapering,Baby Diapers,Medium (M),635.0,39.0,388.49,15.54,45318,4.32,1895,4.32,False,10.09957627118644,0.9809322033898306,healthy,0.614406779661017,46
Babyhug Pro Bubble Care Premium Pant Style Diapers Large (L) Size - 20 Pieces - New & Improved Superior Fit,Babyhug,Diapering,Baby Diapers,Large,605.0,31.0,416.6,20.83,16871,4.27,3330,4.27,False,2.0995762711864394,0.9427966101694916,healthy,0.777542372881356,46
Babyhug Pro Bubble Care Premium Pant Style Diapers Small (S) Size - 21 Pieces - New & Improved Superior Fit,Babyhug,Diapering,Baby Diapers,Small,465.0,27.0,340.38,16.21,12606,4.27,3330,4.27,False,-1.9004237288135606,0.9322033898305084,healthy,0.6377118644067796,46
Himalaya Herbal Diaper Rash Cream - 100 g,Himalaya Babycare,Diapering,Diaper Rash Cream,100 g,243.0,0.0,243.0,0.0,742,4.48,761,4.48,False,-10.333333333333334,0.6,healthy,0.5333333333333333,2
"Huggies Complete Comfort Wonder Pants, India's Fastest Absorbing Diaper | XL Size, 34 Diapers",Huggies,Diapering,Baby Diapers,Extra Large,795.0,43.0,455.14,13.39,1672,4.2,7501,4.2,False,14.09957627118644,0.7648305084745762,healthy,0.5254237288135594,77
Bambo Nature Eco Friendly Tape Diapers with Wetness Indicator Large Size Pack Of 3 - 72 Pieces,Bambo Nature,Diapering,Baby Diapers,Large,3897.0,4.0,3741.12,51.96,3685,4.81,1,4.81,True,-24.90042372881356,0.8411016949152542,healthy,0.9427966101694916,38
Huggies Natural Soft Premium Baby Diaper Pants Medium - 40 Pieces,Huggies,Diapering,Baby Diapers,Medium,795.0,31.0,544.97,13.62,356,4.32,1666,4.32,False,2.0995762711864394,0.5084745762711864,healthy,0.5360169491525424,77
Mamy Poko Pants Skin Breathe Care XL - 138 Pieces,MamyPoko,Diapering,Baby Diapers,XL,4399.0,38.0,2723.42,19.73,123,4.4,1737,4.4,True,9.09957627118644,0.2944915254237288,moderate,0.7415254237288136,65
Babyhug 98% Water Soothing Lavender & Chamomile Baby Wet Wipes - 72 Pieces,Babyhug,Diapering,Baby Wipes,pack of 72,195.0,46.0,105.3,0.0,229714,4.23,266,4.23,False,15.965116279069768,0.9883720930232558,healthy,0.5058139534883721,18
"LuvLap 2-in-1 Potty Training Seat for 1+ Year Child, Detachable Potty Bowl, Suitable for Boys & Girls (Green & Yellow)",LuvLap,Diapering,Potty Training,37 x 33 x 28 cm,735.0,10.0,659.0,0.0,753,4.28,68,4.28,False,-20.582278481012658,0.8354430379746836,healthy,0.5063291139240507,6
Babyhug Padded Potty Training Pants Pack of 3 - Size 1 - Animals Print Multicolor| Reusable Cotton Training Diapers| Toddler Pull-Up Underwear| Absorbent| Washable Cloth Diapers,Babyhug,Diapering,Cloth Diapers/ Nappies,12-24 M,879.0,35.0,571.35,0.0,697,3.67,23,3.67,False,3.795321637426902,0.8888888888888888,healthy,0.5029239766081871,61
R for Rabbit XXL Size Baby Premium Feather Diaper for Baby 15+ kgs (26 Pack Offer),R for Rabbit,Diapering,Baby Diapers,XX Large,792.0,19.0,638.51,24.56,391,4.45,905,4.45,False,-9.90042372881356,0.5211864406779662,healthy,0.8495762711864406,24
"Little Angel Easy Dry Diaper Pants with 12 hrs absorption Medium (M) Size 72 Count, 7-12 Kgs - M  (72 Pieces)",Little Angel,Diapering,Baby Diapers,Medium,1029.0,47.0,548.97,7.62,15,4.15,50,4.15,False,18.09957627118644,0.046610169491525424,low,0.06567796610169492,7
Huggies Natural Soft Premium Tape Diapers Medium (M) Size 7-12 kgs 52 Count | Our No.1 Soft Taped Diaper with Cloud Soft Bed & Runny Poo Absorption Pack Of 2,Huggies,Diapering,Baby Diapers,Medium,1098.0,28.0,794.84,15.29,317,4.48,150,4.48,False,-0.9004237288135606,0.4788135593220339,healthy,0.6080508474576272,77
"LuvLap Baby Diaper Pants, Medium (M), 72 Count, Aloe Vera Lotion, 12hr Protection, White",LuvLap,Diapering,Baby Diapers,Medium,949.0,29.0,671.99,9.33,212,4.15,246,4.15,False,0.09957627118643941,0.3908898305084746,healthy,0.19703389830508475,27
Wowper Fresh Baby Diaper Pants | Extra Large (XL) Size - 112 Pieces 14-17 Kg | Pack of 2 | Wetness Indicator | Upto 12 Hrs Absorption,Wowper,Diapering,Baby Diapers,XL,2058.0,52.0,987.84,8.82,756,4.05,1154,4.05,True,23.09957627118644,0.6440677966101694,healthy,0.15466101694915255,18
SuperBottoms Padded Underwear for 9-12M Babies | Potty Training Pants with Dry Feel Layer Inside | Assorted | Pack of 6 | Size 0,SuperBottoms,Diapering,Cloth Diapers/ Nappies,9-12M,1798.0,11.0,1598.06,0.0,67,3.63,56,3.63,True,-20.204678362573098,0.32456140350877194,healthy,0.5029239766081871,87
Teddyy Baby Easy Tape Diapers Large 60 Diapers (Pack of 1)  9-13 kgs,Teddyy,Diapering,Baby Diapers,Large,750.0,15.0,639.0,10.65,65,3.67,163,3.67,False,-13.90042372881356,0.17690677966101695,moderate,0.3156779661016949,13
Mamy Poko Pants Skin Breathe Care Small - 74 Pieces,MamyPoko,Diapering,Baby Diapers,Small,1249.0,43.0,707.93,9.57,1057,4.4,1737,4.4,False,14.09957627118644,0.7033898305084746,healthy,0.22245762711864406,65
MamyPoko Extra Absorb Pants Style Diapers New Born -Pack of 32,MamyPoko,Diapering,Baby Diapers,New Born,327.0,28.0,236.36,7.39,947,4.41,1381,4.41,False,-0.9004237288135606,0.6747881355932204,healthy,0.05614406779661017,65
"R for Rabbit Caramello Diaper Bag for Mother Stylish Travel Friendly Waterproof Maternity Bag, Multipurpose Durable Large Capacity Babies Diaper Backpack For Mom (Grey Black)(Logo Color May Vary)",R for Rabbit,Diapering,Diaper Bag & Backpacks,L 28 x B 20 x H 40 cm,2196.0,17.0,1824.0,0.0,265,4.47,21,4.47,False,-16.716216216216218,0.7702702702702703,healthy,0.5067567567567568,12
"New Mamypoko Pants Premium All Night Absorb| Pant Style Baby Diapers Large Size(L), 40 Count, Ideal for 9-14Kgs",MamyPoko,Diapering,Baby Diapers,L,599.0,33.0,403.31,10.08,590,4.22,1619,4.22,False,4.099576271186439,0.611228813559322,healthy,0.2616525423728814,65
Pampers Happy Sleep Pant Style Baby Diaper 1 Pampers 1 Night Sleep with Anti Rash Shield S -  60 Pieces,Pampers,Diapering,Baby Diapers,Small,560.0,14.0,481.6,8.03,248,4.09,26,4.09,False,-14.90042372881356,0.423728813559322,healthy,0.1038135593220339,85
Huggies Natural Soft Premium Baby Diaper Pants Extra Small - 76 Pieces,Huggies,Diapering,Baby Diapers,Extra Small,935.0,33.0,624.77,8.22,170,4.32,1666,4.32,False,4.099576271186439,0.3495762711864407,healthy,0.11228813559322035,77
Mee Mee Caring Baby Wet Wipes With Lid - 3 Packs Of 72 Pieces,Mee Mee,Diapering,Baby Wipes,216 Pieces,327.0,29.0,231.55,0.0,1975,4.27,1098,4.27,False,-1.0348837209302317,0.5348837209302325,healthy,0.5058139534883721,6
Babyhug Smart Dry Bed Protector Sheet Small - Navy,Babyhug,Diapering,Diaper Changing Pads/Mats,Small,189.0,38.0,117.18,0.0,6918,4.39,2274,4.39,False,5.925925925925924,0.9629629629629629,healthy,0.5061728395061729,30
Mother Sparsh Baby 98 % Water Based Wipes (Mild -Scented) - 80 Pieces,Mother Sparsh Baby,Diapering,Baby Wipes,80 Pieces,198.0,22.0,154.99,0.0,33043,4.37,501,4.37,False,-8.034883720930232,0.872093023255814,healthy,0.5058139534883721,8
Mamy Poko Pants Skin Breathe Care Small - 148 Pieces,MamyPoko,Diapering,Baby Diapers,Small,2349.0,43.0,1334.94,9.02,221,4.4,1737,4.4,True,14.09957627118644,0.4025423728813559,healthy,0.17584745762711865,65
Momcozy Health Care Baby Wipe Warmer - White,Momcozy,Diapering,Baby Wipes,L 25 x B 18 x H 11 cm,3999.0,7.0,3719.07,0.0,53,4.0,0,4.0,True,-23.03488372093023,0.05813953488372093,low,0.5058139534883721,1
"Huggies Natural Soft Overnite Diaper Pants| Premium Pant Style Baby Diapers Medium Size (M Size | 7-12 Kgs) , 42 count| Keeps baby dry all night with cloud softness all over.",Huggies,Diapering,Baby Diapers,Medium,899.0,28.0,645.12,15.36,683,4.43,272,4.43,False,-0.9004237288135606,0.635593220338983,healthy,0.6101694915254238,77
Mylo Baby Diaper Pants Medium (M) with ADL Technology 12 Hours Protection Pack of 4 - 152 Pieces,Mylo,Diapering,Baby Diapers,Medium,1868.0,28.0,1344.96,8.85,960,3.9,167,3.9,True,-0.9004237288135606,0.6811440677966102,healthy,0.15783898305084745,13
Mamy Poko Pants Skin Breathe Care XXL - 68 Pieces,MamyPoko,Diapering,Baby Diapers,XXL,2499.0,43.0,1420.43,20.89,200,4.4,1737,4.4,True,14.09957627118644,0.3813559322033898,healthy,0.7796610169491526,65
Bambo Nature Eco-friendly Extra Small Size Tape Diapers with Wetness Indicator XS - 22 Pieces,Bambo Nature,Diapering,Baby Diapers,XS,899.0,5.0,854.05,38.82,256,4.74,1,4.74,False,-23.90042372881356,0.4322033898305085,healthy,0.9078389830508474,38
"Huggies Complete Comfort Wonder Pants, India's Fastest Absorbing Diaper | Newborn Size, 48 Diapers",Huggies,Diapering,Baby Diapers,New Born,466.0,26.0,345.03,7.19,6934,4.2,7501,4.2,False,-2.9004237288135606,0.8877118644067796,healthy,0.04025423728813559,77
Babyhug Muslin Cotton Reusable Velcro Printed Cloth Nappies Small Set of 12 - Multicolor,Babyhug,Diapering,Cloth Diapers/ Nappies,Small,1399.0,33.0,937.33,0.0,38,3.96,68,3.96,True,1.7953216374269019,0.21929824561403508,moderate,0.5029239766081871,61
Babyoye Air Soft Premium Pant Style Diapers New Born - 70 Pieces | All Night Dryness | Prevents Diaper Rash | Upto 12 Hr Leakage Protection | Super Soft & Comfy | Quick Absorption,Babyoye,Diapering,Baby Diapers,New Born,1299.0,66.0,441.66,6.31,458,4.17,290,4.17,False,37.099576271186436,0.551906779661017,healthy,0.006355932203389831,11
Huggies Natural Soft Premium Taped Diapers Large (L) 44 Pieces - Pack Of 2,Huggies,Diapering,Baby Diapers,L,1098.0,28.0,794.84,18.06,290,4.48,150,4.48,False,-0.9004237288135606,0.4533898305084746,healthy,0.6864406779661016,77
Mamy Poko Pants Skin Breathe Care XL - 40 Pieces,MamyPoko,Diapering,Baby Diapers,XL,1349.0,44.0,751.39,18.78,2517,4.4,1737,4.4,False,15.09957627118644,0.7902542372881356,healthy,0.7182203389830508,65
"LuvLap Pant Style Baby Diapers, Extra Large (XL), 12-17Kg, Pack of 2 (108 Pants), Aloe Vera Lotion, 12hr Protection, White",LuvLap,Diapering,Baby Diapers,XL,1898.0,31.0,1313.99,12.17,84,4.15,246,4.15,True,2.0995762711864394,0.22245762711864406,moderate,0.4406779661016949,27
"New Mamypoko Pants Premium All Night Absorb| Pant Style Baby Diapers New Born Size(XS), 93 Count, Ideal for up to 5Kgs",MamyPoko,Diapering,Baby Diapers,NB,899.0,35.0,580.39,9.36,960,4.22,1619,4.22,False,6.099576271186439,0.6811440677966102,healthy,0.2044491525423729,65
"MamyPoko Pants Extra Absorb Baby Diapers, Small (S size) | 4-8 kg | 66 Count |Deep Sleep Diapers| Soft gentle fit |Deep Absorbent Crisscross | skin friendly with coconut oil |",MamyPoko,Diapering,Baby Diapers,Small,937.0,20.0,745.57,11.3,72,4.41,1381,4.41,False,-8.90042372881356,0.20127118644067796,moderate,0.3707627118644068,65
"Babyhug Advanced Pant Style Diapers Extra Large (XL) Size   - 20 Pieces, Honeycomb Technology, Cottony Soft Diaper with 3D Leak Guard, Latex & Alcohol Free, Anti-rash & Gentle",Babyhug,Diapering,Baby Diapers,Extra Large,398.0,25.0,299.81,14.99,3230,4.1,17639,4.1,False,-3.9004237288135606,0.8220338983050848,healthy,0.5889830508474576,46
Huggies Natural Soft Premium Tape Diapers Small (S) Size 4-8 kgs 60 Count | Our No.1 Soft Taped Diaper with Cloud Soft Bed and Runny Poo Absorption Pack Of 2,Huggies,Diapering,Baby Diapers,Small,1098.0,32.0,745.43,12.42,195,4.48,150,4.48,False,3.0995762711864394,0.375,healthy,0.4555084745762712,77
Babyhug Pro Bubble Care Premium Tape Style Diaper (S) Small - 23 Pieces - New & Improved Superior Fit,Babyhug,Diapering,Baby Diapers,Small (S),439.0,26.0,326.48,14.19,20233,4.32,1895,4.32,False,-2.9004237288135606,0.9576271186440678,healthy,0.5572033898305084,46
Babyhug Free Size Reusable Cloth Diaper With Inserts & Contrast Flap Pack of 3 - Blue & Brown,Babyhug,Diapering,Cloth Diapers/ Nappies,3 to 24 M,1199.0,48.0,623.48,0.0,527,3.36,101,3.36,False,16.795321637426902,0.8596491228070176,healthy,0.5029239766081871,61
"Huggies Complete Comfort Wonder Pants, India's Fastest Absorbing Diaper | S Size, 56 Diapers",Huggies,Diapering,Baby Diapers,Small,795.0,43.0,449.18,8.02,111,4.2,7501,4.2,False,14.09957627118644,0.2764830508474576,moderate,0.1016949152542373,77
Babyhug Smart Dry Bed Protector Sheet Small - Saloman Rose,Babyhug,Diapering,Diaper Changing Pads/Mats,Small,189.0,38.0,117.18,0.0,980,4.39,2274,4.39,False,5.925925925925924,0.7530864197530864,healthy,0.5061728395061729,30
SuperBottoms Padded Underwear for 1-2Y Babies | Potty Training Pants with Dry Feel Layer Inside | Assorted | Pack of 6 | Size 1,SuperBottoms,Diapering,Cloth Diapers/ Nappies,1-2Y,1798.0,11.0,1598.06,0.0,175,3.63,56,3.63,True,-20.204678362573098,0.6578947368421053,healthy,0.5029239766081871,87
Mamypoko Pants Premium All Night Absorb| Pant Style Baby Diapers All night Absorption|Wider Crisscross SheetGentle Coco Care 12hr Leakage Protection Prevents Heavine Large (L) - 124 Pieces,MamyPoko,Diapering,Baby Diapers,Large,1798.0,40.0,1074.84,8.67,16,4.22,1619,4.22,True,11.09957627118644,0.04978813559322034,low,0.13983050847457626,65
"Babyhug Advanced Pant Style Diapers New Born (NB) Size - 64 Pieces, Honeycomb Technology, Cottony Soft Diaper with 3D Leak Guard, Latex & Alcohol Free, Anti-rash & Gentle",Babyhug,Diapering,Baby Diapers,New Born,795.0,44.0,447.35,6.99,25151,4.1,17639,4.1,False,15.09957627118644,0.9639830508474576,healthy,0.036016949152542374,46
Mamypoko Pants Premium All Night Absorb| Pant Style Baby Diapers All night Absorption|Wider Crisscross SheetGentle Coco Care 12hr Leakage Protection Prevents Heaviness Medium (M) - 140 Pieces,MamyPoko,Diapering,Baby Diapers,Medium,1798.0,40.0,1074.84,7.68,23,4.22,1619,4.22,True,11.09957627118644,0.07944915254237288,low,0.07203389830508475,65
Bambo Nature Eco Friendly Small Tape Diapers with Wetness Indicator - 30 Pieces,Bambo Nature,Diapering,Baby Diapers,Small,1299.0,2.0,1273.02,42.43,167,4.36,1,4.36,False,-26.90042372881356,0.3453389830508475,healthy,0.9258474576271186,38
Babyhug Smart Dry Bed Protector Sheet Small - Blue,Babyhug,Diapering,Diaper Changing Pads/Mats,Small,189.0,38.0,117.18,0.0,4502,4.39,2274,4.39,False,5.925925925925924,0.9382716049382716,healthy,0.5061728395061729,30
Bambo Nature Medium Size Tape Diapers with Wetness Indicator - 52 Pieces,Bambo Nature,Diapering,Baby Diapers,Medium,2390.0,3.0,2318.3,44.58,42,4.47,0,4.47,True,-25.90042372881356,0.1419491525423729,moderate,0.934322033898305,38
Bambo Nature ECO Pant Style Diapers Large - 40 Pieces,Bambo Nature,Diapering,Baby Diapers,Large,2390.0,3.0,2318.3,57.96,3,4.47,0,4.47,True,-25.90042372881356,0.009533898305084746,low,0.965042372881356,38
R for Rabbit Feather Diaper Tape Style Large -  46 Pieces,R for Rabbit,Diapering,Baby Diapers,Large,1296.0,23.0,998.05,21.7,301,4.37,123,4.37,False,-5.900423728813561,0.4682203389830508,healthy,0.7976694915254238,24
Babyhug Smart Dry Bed Protector Sheet Small - Lilac,Babyhug,Diapering,Diaper Changing Pads/Mats,Small,189.0,38.0,117.18,0.0,7516,4.39,2274,4.39,False,5.925925925925924,0.9753086419753086,healthy,0.5061728395061729,30
Huggies Natural Soft Premium Baby Diaper Pants Small - 70 Pieces,Huggies,Diapering,Baby Diapers,Small,1299.0,39.0,794.86,11.36,1081,4.32,1666,4.32,False,10.09957627118644,0.7076271186440678,healthy,0.375,77
Mother Sparsh Baby Plant Powered Natural Baby Wipes With Cucumber Extract - 60 Pieces,Mother Sparsh Baby,Diapering,Baby Wipes,60 Pieces,199.0,50.0,99.0,0.0,5957,4.46,142,4.46,False,19.96511627906977,0.6046511627906976,healthy,0.5058139534883721,8
Bambo Nature Eco Friendly Medium Size Tape Diapers with Wetness Indicator - 28 Pieces,Bambo Nature,Diapering,Baby Diapers,Medium,1299.0,2.0,1273.02,45.46,71,4.47,0,4.47,False,-26.90042372881356,0.19491525423728814,moderate,0.9364406779661016,38
Bambo Nature Large Size Tape Diapers with Wetness Indicator - 24 Pieces,Bambo Nature,Diapering,Baby Diapers,Large,1299.0,2.0,1273.02,53.04,100,4.81,1,4.81,False,-26.90042372881356,0.2552966101694915,moderate,0.951271186440678,38
Bambo Nature Large Size Tape Diapers with Wetness Indicator - 48 Pieces,Bambo Nature,Diapering,Baby Diapers,Large,2590.0,3.0,2512.3,52.34,24,4.81,1,4.81,True,-25.90042372881356,0.0836864406779661,low,0.9470338983050848,38
"LuvLap Unisex Supreme Diaper Pants XXL, 15-25kg, 46pcs, 360° Skin Care, Aloe Vera, 12hr Protection, 5 Layer Super Light Core, White",LuvLap,Diapering,Baby Diapers,XXL,1699.0,53.0,804.99,17.5,120,4.32,91,4.32,True,24.09957627118644,0.288135593220339,moderate,0.6790254237288136,27
Mylo Baby Diaper Pants Extra Large (XL) Size with ADL Technology 12 Hours Protection Pack of 4 - 112 Pieces,Mylo,Diapering,Baby Diapers,Extra Large,1868.0,28.0,1344.96,12.12,327,3.9,167,3.9,True,-0.9004237288135606,0.486228813559322,healthy,0.4343220338983051,13
Mamy Poko Pants Skin Breathe Care XL - 80 Pieces,MamyPoko,Diapering,Baby Diapers,XL,2649.0,44.0,1479.47,18.49,3663,4.4,1737,4.4,True,15.09957627118644,0.8389830508474576,healthy,0.7002118644067796,65
R for Rabbit Hilltop Step Stool Potty Trainer Seat Ladder Step Up Training Stool Non-Slip Steps Ladder Adjustable Foldable for Kids Baby 1 to 7 Years (Grey White),R for Rabbit,Diapering,Potty Training,L 45 x B 36 x H 53 cm,1899.0,20.0,1520.91,0.0,349,3.93,47,3.93,False,-10.582278481012658,0.6835443037974683,healthy,0.5063291139240507,23
Bambo Nature Eco Friendly Tape Diapers with Wetness Indicator Large Size Pack of 6 - 144 Pieces,Bambo Nature,Diapering,Baby Diapers,Large,7794.0,5.0,7404.3,51.42,16,4.81,1,4.81,True,-23.90042372881356,0.04978813559322034,low,0.9385593220338984,38
R for Rabbit Small S Size Premium Feather Diaper for Baby 5 to 9 kgs (26 Pack Offer),R for Rabbit,Diapering,Baby Diapers,Small,648.0,20.0,518.01,19.92,1424,4.45,905,4.45,False,-8.90042372881356,0.7457627118644068,healthy,0.7478813559322034,24
Babyhug Teddy Buddy Potty Chair with Potty  Training Seat - Yellow| with Backrest| Removable Bowl| Splash Guard| Easy Clean Design,Babyhug,Diapering,Potty Training,L 37 x W 32 x H 27.5 cm,1395.0,46.0,753.3,0.0,224,4.38,98,4.38,False,15.417721518987342,0.5949367088607594,healthy,0.5063291139240507,24
"Huggies Natural Soft Premium Overnight pants XL28 Combo | Premium Pant Style Baby Diapers Extra large Size (XL Size | 12-17 Kgs), 56 count| Keeps baby dry all night with cloud softness all over",Huggies,Diapering,Baby Diapers,XL,1798.0,31.0,1245.12,22.23,38,4.43,272,4.43,True,2.0995762711864394,0.1292372881355932,moderate,0.8082627118644068,77
Babyhug Smart Dry Bed Protector Sheet Small - Pink,Babyhug,Diapering,Diaper Changing Pads/Mats,Small,189.0,38.0,117.18,0.0,5384,4.39,2274,4.39,False,5.925925925925924,0.9506172839506173,healthy,0.5061728395061729,30
"LuvLap Disposable Baby Underpad & Changing Mats, 30 Count, 60x60 cm Waterproof, Breathable, Non-Slip Backsheet, Hypoallergenic Baby Bed Protector Pads",LuvLap,Diapering,Diaper Changing Pads/Mats,L 60 x B 60 cm,837.0,33.0,560.04,0.0,543,4.48,26,4.48,False,0.9259259259259238,0.654320987654321,healthy,0.5061728395061729,15
Babyhug Premium Potty Seat - Blue,Babyhug,Diapering,Potty Training,31 x 28 x 8.5 cm,745.0,33.0,499.15,0.0,1814,4.16,127,4.16,False,2.417721518987342,0.9746835443037974,healthy,0.5063291139240507,24
Huggies Natural Soft Premium Baby Diaper Pants Small - 140 Pieces,Huggies,Diapering,Baby Diapers,Small,2598.0,40.0,1561.4,11.15,188,4.32,1666,4.32,True,11.09957627118644,0.3633474576271186,healthy,0.3516949152542373,77
Babyhug Smart Dry Bed Protector Sheet Small - Plum,Babyhug,Diapering,Diaper Changing Pads/Mats,Small,189.0,38.0,117.18,0.0,3555,4.39,2274,4.39,False,5.925925925925924,0.9135802469135802,healthy,0.5061728395061729,30
Teddyy Baby Premium Taped Style Diapers New Born- 66 Pieces,Teddyy,Diapering,Baby Diapers,New Born (NB/XS),700.0,29.0,499.03,7.56,76,3.68,78,3.68,False,0.09957627118643941,0.2108050847457627,moderate,0.0625,13
Babyhug Smart Dry Bed Protector Sheet Small - Orchid,Babyhug,Diapering,Diaper Changing Pads/Mats,Small,189.0,38.0,117.18,0.0,1591,4.39,2274,4.39,False,5.925925925925924,0.8271604938271605,healthy,0.5061728395061729,30
"Huggies Complete Comfort Wonder Pants, India's Fastest Absorbing Diaper | M Size, 36 Diapers",Huggies,Diapering,Baby Diapers,Medium,510.0,28.0,365.77,10.16,250,4.2,7501,4.2,False,-0.9004237288135606,0.4258474576271186,healthy,0.2733050847457627,77
Mustela Vitamin Barrier Cream 1 2 3 - 100 ml,Mustela,Diapering,Diaper Rash Cream,100 ml,990.0,22.0,772.2,0.0,65,4.6,18,4.6,True,11.666666666666666,0.06666666666666667,low,0.5333333333333333,1
Mee Mee Caring Baby Wet Wipes - 3 Packs Of 72 Pieces,Mee Mee,Diapering,Baby Wipes,216 Pieces,297.0,29.0,209.95,0.0,1318,4.27,1098,4.27,False,-1.0348837209302317,0.4883720930232558,healthy,0.5058139534883721,6
"LuvLap Pant Style Baby Diapers, X-Large (XL), 54 Count, Aloe Vera Lotion, 12hr Protection, White",LuvLap,Diapering,Baby Diapers,XL,949.0,30.0,664.96,12.31,29,4.15,246,4.15,False,1.0995762711864394,0.10063559322033898,moderate,0.4480932203389831,27
"New Mamypoko Pants Premium All Night Absorb| Pant Style Baby Diapers Small Size(S), 56 Count, Ideal for 4-8Kgs",MamyPoko,Diapering,Baby Diapers,S,599.0,33.0,403.31,7.2,491,4.22,1619,4.22,False,4.099576271186439,0.5699152542372882,healthy,0.0423728813559322,65
R for Rabbit XL Size Premium Feather Diaper for Baby 12 to 17 kgs (24 Pack Offer),R for Rabbit,Diapering,Baby Diapers,Extra Large,693.0,17.0,577.48,24.06,632,4.45,905,4.45,False,-11.90042372881356,0.6228813559322034,healthy,0.847457627118644,24
"Mamypoko pants All night absorb Pant Style Baby Diapers with Wider  Crisscross Sheet,Gentle Coco Care,12hr Leakage Protection, Prevents Heaviness Extra Large Size(XL), 34 Pieces,12-17 Kgs",MamyPoko,Diapering,Baby Diapers,XL,562.0,26.0,417.51,12.28,48,4.19,264,4.19,False,-2.9004237288135606,0.1483050847457627,moderate,0.4427966101694915,65
Babyhug Disposable Diaper Changing Mat Medium Size Pack of 10 - Blue,Babyhug,Diapering,Diaper Changing Pads/Mats,L 60 x B 60 cm,349.0,38.0,216.38,0.0,490,4.43,8,4.43,False,5.925925925925924,0.6419753086419753,healthy,0.5061728395061729,30
"Little's Soft Cleansing Baby Wipes with Lid | 80 Wipes x Pack of 3 - 240 Wipes | Extra Thick & Moist Wet Wipes for Baby's | Prevents Rashes & Redness with Goodness of Aloe Vera, Vitamin E & Jojoba Oil",Little's,Diapering,Baby Wipes,Pack of 3,348.0,10.0,313.2,0.0,271,4.44,206,4.44,False,-20.03488372093023,0.3372093023255814,healthy,0.5058139534883721,6
BABY FOREST Mulmul Baby Wipes Ultrasoft Water Based 3x Thicker & Softer Wipes Pack of 4 - 72 Wipes Each,BABY FOREST,Diapering,Baby Wipes,Pack Of 4,1596.0,37.0,1005.48,0.0,415,4.53,10,4.53,True,6.965116279069768,0.4069767441860465,healthy,0.5058139534883721,6
Mother Sparsh Baby 99 Percentage Pure Water Unscented Baby Wipes - 40 Pieces,Mother Sparsh Baby,Diapering,Baby Wipes,Pack Of 1 ,225.0,22.0,175.0,0.0,5430,4.61,1583,4.61,False,-8.034883720930232,0.5930232558139535,healthy,0.5058139534883721,8
"New Mamypoko Pants Premium All Night Absorb| Pant Style Baby Diapers Medium Size(M), 46 Count, Ideal for 7-12Kgs",MamyPoko,Diapering,Baby Diapers,M,599.0,33.0,403.31,8.77,535,4.22,1619,4.22,False,4.099576271186439,0.586864406779661,healthy,0.15254237288135594,65
BABY FOREST Neer 99.9% Water Baby Wipes 72 Wipes Each - Pack of 4,BABY FOREST,Diapering,Baby Wipes,Pack of 4,1796.0,39.0,1095.56,0.0,64,4.49,11,4.49,True,8.965116279069768,0.08139534883720931,low,0.5058139534883721,6
Bambo Nature Eco Friendly Pant Diapers with Wetness Indicator XL Size Pack Of 3 - 57 Pieces,Bambo Nature,Diapering,Baby Diapers,XL,3597.0,4.0,3453.12,60.58,1027,4.5,0,4.5,True,-24.90042372881356,0.6949152542372882,healthy,0.9788135593220338,38
Bambo Nature ECO Pant Style Diapers Extra Large - 38 Pieces,Bambo Nature,Diapering,Baby Diapers,XL,2390.0,3.0,2318.3,61.01,28,4.5,0,4.5,True,-25.90042372881356,0.09427966101694915,low,0.9809322033898306,38
MamyPoko Extra Absorb Pant Style Diapers Medium - 12 Pieces,MamyPoko,Diapering,Baby Diapers,Medium,187.0,29.0,133.44,11.12,17030,4.41,1381,4.41,False,0.09957627118643941,0.9470338983050848,healthy,0.3474576271186441,65
Teddyy Easy Diaper Pants with Rash Protection and 3x Faster absorption Technology - S  (78 Pieces),Teddyy,Diapering,Baby Diapers,Small,949.0,47.0,498.98,6.4,79,3.82,571,3.82,False,18.09957627118644,0.21610169491525424,moderate,0.01059322033898305,13
"R for Rabbit Waterproof Quick Dry Sheet for Baby | Anti-Piling Fleece Breatheable Fabric Extra Absorbent Instant Dry Baby Bed/Cot Protector Mat (Size-M,Green-Grey,Pack Of 2 Combo)",R for Rabbit,Diapering,Diaper Changing Pads/Mats,L 100 x B 70 cm,756.0,16.0,635.12,0.0,136,4.63,14,4.63,False,-16.074074074074076,0.4074074074074074,healthy,0.5061728395061729,14
Bambo Nature Eco Friendly Tape Diapers with Wetness Indicator XS Size Pack Of 3 - 66 Pieces,Bambo Nature,Diapering,Baby Diapers,XS,2697.0,4.0,2589.12,39.23,1882,4.74,1,4.74,True,-24.90042372881356,0.777542372881356,healthy,0.9110169491525424,38
Bambo Nature ECO Pant Style Diapers XXL - 38 Pieces,Bambo Nature,Diapering,Baby Diapers,XXL,2290.0,3.0,2221.3,58.46,102,4.1,0,4.1,True,-25.90042372881356,0.2616525423728814,moderate,0.9682203389830508,38
Babyhug Pro Bubble Care Premium Pant Style Diapers Double Extra Large (XXL) Size - 15 Pieces - New & Improved Superior Fit,Babyhug,Diapering,Baby Diapers,XXL,670.0,35.0,435.5,29.03,5134,4.27,3330,4.27,False,6.099576271186439,0.8686440677966102,healthy,0.8792372881355932,46
Mee Mee Caring Baby Wet Wipes with Aloe Vera Pack of 5 - 360 Pieces,Mee Mee,Diapering,Baby Wipes,360 Pieces,495.0,26.0,363.92,0.0,411,4.35,68,4.35,False,-4.034883720930232,0.3953488372093023,healthy,0.5058139534883721,6
SuperBottoms First Love Premium DryFeel Langot for 0-9M Babies | 100% Cotton Padding | Bummy World | Pack of 3 | 5-10kg | Size L,SuperBottoms,Diapering,Cloth Diapers/ Nappies,5-10kg,597.0,21.0,469.0,0.0,545,4.14,72,4.14,False,-10.204678362573098,0.8742690058479532,healthy,0.5029239766081871,87
"Babyhug 100% Interlock Cotton Double Layer Nappy Rabbit, Rainbow and Flower Print Pack of 6 - Extra Small Size| Machine Washable| Soft & Skin Friendly| Tie Knot Style",Babyhug,Diapering,Cloth Diapers/ Nappies,0-3M,579.0,36.0,370.56,0.0,115,4.39,10,4.39,False,4.795321637426902,0.5497076023391813,healthy,0.5029239766081871,61
"LuvLap Pant Style Baby Diapers, Large (LG), 9-14Kg, Pack of 2 (124 Pants), Aloe Vera Lotion, 12hr Protection, White",LuvLap,Diapering,Baby Diapers,Large,1898.0,33.0,1272.99,10.27,39,4.15,246,4.15,True,4.099576271186439,0.13241525423728814,moderate,0.2838983050847458,27
MamyPoko Extra Absorb Pant Style Diapers Large - 10 Pieces,MamyPoko,Diapering,Baby Diapers,Large,187.0,29.0,133.44,13.34,1140,4.41,1381,4.41,False,0.09957627118643941,0.711864406779661,healthy,0.5201271186440678,65
Huggies Natural Soft Premium Tape Diapers Small (S) Size 4-8 kgs 30 Count Our No.1 Soft Taped Diaper with Cloud Soft Bed & Runny Poo Absorption,Huggies,Diapering,Baby Diapers,Small,549.0,28.0,395.39,13.18,895,4.48,150,4.48,False,-0.9004237288135606,0.6652542372881356,healthy,0.5042372881355932,77
"Huggies Complete Comfort Wonder Pants, India's Fastest Absorbing Diaper | Newborn Size, 24 Diapers",Huggies,Diapering,Baby Diapers,New Born,233.0,27.0,170.74,7.11,146,4.2,7501,4.2,False,-1.9004237288135606,0.3220338983050847,healthy,0.038135593220338986,77
SuperBottoms Padded Underwear for 1-2Y Babies | Potty Training Pants with Dry Feel Layer Inside | Bummy World | Pack of 3 | Size 1,SuperBottoms,Diapering,Cloth Diapers/ Nappies,1-2Y,899.0,11.0,799.03,0.0,600,3.57,22,3.57,False,-20.204678362573098,0.8830409356725146,healthy,0.5029239766081871,87
Babyhug Free Size Reusable Cloth Diaper With Inserts & Contrast Flap Pack of 3 - Pink & Orange,Babyhug,Diapering,Cloth Diapers/ Nappies,3 to 24 M,1199.0,43.0,683.43,0.0,545,3.36,101,3.36,False,11.795321637426902,0.8742690058479532,healthy,0.5029239766081871,61
SuperBottoms BASIC Langot 100% Pure Cotton Extra Soft & Breathable for 0-6 months Babies - Pack of 6 | Size L,SuperBottoms,Diapering,Cloth Diapers/ Nappies,Pack of 6,399.0,25.0,299.01,0.0,38,3.94,36,3.94,False,-6.204678362573098,0.21929824561403508,moderate,0.5029239766081871,87
SuperBottoms Padded Underwear for 9-12M Babies | Potty Training Pants for Mess-Free Diaper-Free Time | Assorted 2 | Pack of 6,SuperBottoms,Diapering,Cloth Diapers/ Nappies,9-12M,1798.0,14.0,1548.98,0.0,239,3.63,56,3.63,True,-17.204678362573098,0.7602339181286549,healthy,0.5029239766081871,87
"Babyhug 100% Interlock Cotton Reusable Printed Cloth Nappies with Velcro Closure Pack of 6 Rabbit, Rainbow and Flower Print  Small Size| Machine Washable| Soft & Skin Friendly",Babyhug,Diapering,Cloth Diapers/ Nappies,0-6M,799.0,31.0,551.31,0.0,988,3.95,10,3.95,False,-0.20467836257309813,0.9239766081871345,healthy,0.5029239766081871,61
"LuvLap 2-in-1 Potty Training Seat for 1+ Year Child, Detachable Potty Bowl, Suitable for Boys & Girls (Orange & Yellow), Plastic",LuvLap,Diapering,Potty Training,37 x 33 x 28 cm,735.0,10.0,659.0,0.0,491,4.28,68,4.28,False,-20.582278481012658,0.7468354430379747,healthy,0.5063291139240507,6
Bambo Nature Pant Diapers with Wetness Indicator Large Size - 20 Pieces,Bambo Nature,Diapering,Baby Diapers,Large,1199.0,2.0,1175.02,58.75,66,4.47,0,4.47,False,-26.90042372881356,0.18008474576271186,moderate,0.9713983050847458,38
Teddyy Baby Easy Pant Diapers Double Extra Large 42 Diapers (Pack of 1)  15-25 kgs,Teddyy,Diapering,Baby Diapers,XXL,949.0,47.0,498.98,11.88,98,4.07,28,4.07,False,18.09957627118644,0.2457627118644068,moderate,0.4216101694915254,13
"Pampers Complete Skin Comfort Pants (MD) 40 Count, 7-12kg, Anti-rash blanket, 360 degree Lotion with Aloe Vera",Pampers,Diapering,Baby Diapers,Medium,749.0,1.0,745.03,18.63,69,4.24,6996,4.24,False,-27.90042372881356,0.1885593220338983,moderate,0.7076271186440678,85
Babyhug Multi Purpose Baby Mat With Rainy Day Theme Print Set Of 3 Diaper changing Mats + 1 Waterproof sheet - Light Beige,Babyhug,Diapering,Diaper Changing Pads/Mats,60 x 45 cm,979.0,33.0,655.93,0.0,21,4.2,15,4.2,True,0.9259259259259238,0.09876543209876543,low,0.5061728395061729,30
"MamyPoko Pants Extra Absorb Baby Diapers, Extra Extra Large (XXL size) | 15-25 kg | 34 Count |Deep Sleep Diapers| Soft gentle fit |Deep Absorbent Crisscross | skin friendly with coconut oil |",MamyPoko,Diapering,Baby Diapers,XXL,937.0,20.0,745.57,21.93,29,4.41,1381,4.41,False,-8.90042372881356,0.10063559322033898,moderate,0.8050847457627118,65
Babyhug Smart Dry Bed Protector Sheet Small - Pista Green,Babyhug,Diapering,Diaper Changing Pads/Mats,Small,189.0,38.0,117.18,0.0,2869,4.39,2274,4.39,False,5.925925925925924,0.8765432098765432,healthy,0.5061728395061729,30
Pampers Happy Sleep Pant Style Baby Diapers Extra Large (XL) - 50 Count,Pampers,Diapering,Baby Diapers,Extra Large,929.0,30.0,645.93,12.92,2,5.0,0,5.0,False,1.0995762711864394,0.00423728813559322,low,0.4830508474576271,85
Pampers Taped Diapers Medium - 66 Pieces,Pampers,Diapering,Baby Diapers,Medium,1217.0,8.0,1119.64,16.96,112,4.16,845,4.16,False,-20.90042372881356,0.2796610169491525,moderate,0.6652542372881356,85
Babyhug Muslin Cloth Nappy Set of 5 Extra Small - Multicolor Printed,Babyhug,Diapering,Cloth Diapers/ Nappies,Extra Small,549.0,33.0,367.83,0.0,8257,4.27,160,4.27,False,1.7953216374269019,0.9941520467836257,healthy,0.5029239766081871,61
"LuvLap 2-in-1 Potty Training Seat for 1+ Year Child, Detachable Potty Bowl, Suitable for Boys & Girls (Rose & Blue), Plastic",LuvLap,Diapering,Potty Training,37 x 33 x 28 cm,735.0,10.0,659.0,0.0,1092,4.28,68,4.28,False,-20.582278481012658,0.8987341772151899,healthy,0.5063291139240507,6
"New Mamypoko Pants Premium All Night Absorb| Pant Style Baby Diapers New Born Size(XS), 62 Count, Ideal for up to 5Kgs",MamyPoko,Diapering,Baby Diapers,NB,599.0,33.0,403.31,6.5,330,4.22,1619,4.22,False,4.099576271186439,0.4894067796610169,healthy,0.014830508474576272,65
R for Rabbit XS New born Premium Feather Diaper nb Taped Size for Baby 0 to 5 kgs (22 Pack Offer),R for Rabbit,Diapering,Baby Diapers,Extra Small,495.0,20.0,394.02,17.91,227,4.37,123,4.37,False,-8.90042372881356,0.4078389830508475,healthy,0.684322033898305,24
Himalaya Babycare Nature Touch Water Unscented Baby Wipes Pack of 3 - 72 pieces each,Himalaya Babycare,Diapering,Baby Wipes,Pack of 3,750.0,0.0,750.0,0.0,70,4.12,10,4.12,True,-30.03488372093023,0.09302325581395349,low,0.5058139534883721,5
Babyhug Pro Bubble Care Premium Tape Style Diaper Large - 23 Pieces - New & Improved Superior Fit,Babyhug,Diapering,Baby Diapers,Large (L),655.0,39.0,398.63,17.33,6123,4.32,1895,4.32,False,10.09957627118644,0.8834745762711864,healthy,0.673728813559322,46
"R for Rabbit Minimo Teddy Potty Seat for Kids Anti Slip BPA Free with Soft Cushion, Universal Fit Portable Potty Training Seat for Infant Weight Up to 40Kgs 1 to 7 Years (Purple Green)",R for Rabbit,Diapering,Potty Training,L 32.5 x B 36.5 x H 21 cm,999.0,19.0,807.99,0.0,333,4.22,16,4.22,False,-11.582278481012658,0.6582278481012658,healthy,0.5063291139240507,23
MamyPoko Premium Pant Style Diaper Extra Large (XL) - 34 Pieces,MamyPoko,Diapering,Baby Diapers,XL,599.0,33.0,403.31,11.86,892,4.22,1619,4.22,False,4.099576271186439,0.663135593220339,healthy,0.4184322033898305,65
"SuperBottoms BASIC Reusable Cloth Diaper for 3M-3Y Babies| Freesize Adjustable, Washable and Reusable Cloth Diaper for babies | Shell with insert | Pack of 2 | Fits 5-17 kg",SuperBottoms,Diapering,Cloth Diapers/ Nappies,Pack of 2,1498.0,68.0,479.06,0.0,1077,3.8,75,3.8,True,36.7953216374269,0.9298245614035088,healthy,0.5029239766081871,87
Babyhug Premium 98% Water Baby Wet Wipes with Moisturising Aloe Vera Travel Pack - 30 Pieces,Babyhug,Diapering,Baby Wipes,Without Lid,50.0,17.0,41.33,0.0,12840,4.33,3012,4.33,False,-13.034883720930232,0.813953488372093,healthy,0.5058139534883721,18
"LuvLap Supreme Diaper Pants Large (LG) 9-14kg, 62pcs, Aloe Vera, Rash Prevention, 12hr Protection, 5 Layer, Super Light Core, White",LuvLap,Diapering,Baby Diapers,Large,1599.0,44.0,889.04,14.34,75,4.32,91,4.32,False,15.09957627118644,0.2076271186440678,moderate,0.565677966101695,27
"Huggies Natural Soft Premium Overnight pants L 34X2 Combo | Premium Pant Style Baby Diapers Large Size (L Size | 9-14 Kgs), 68 count| Keeps baby dry all night with cloud softness all over",Huggies,Diapering,Baby Diapers,Large,1798.0,31.0,1245.12,18.31,69,4.43,272,4.43,True,2.0995762711864394,0.1885593220338983,moderate,0.6927966101694916,77
Little Angel Easy Dry Pull-Up Diaper Pants Double Extra Large - 42 Pieces,Little Angel,Diapering,Baby Diapers,XXL,1029.0,47.0,548.97,13.07,63,4.15,50,4.15,False,18.09957627118644,0.1684322033898305,moderate,0.4957627118644068,7
R For Rabbit Feather Tape Style Diaper with Fast Absorption Technology Size Small  - Pack of 26,R for Rabbit,Diapering,Baby Diapers,Small,693.0,22.0,539.99,20.77,813,4.37,123,4.37,False,-6.900423728813561,0.652542372881356,healthy,0.7733050847457628,24
"LuvLap Moisturising Wipes with Aloe Vera Lid, Paraben-Free, Soft & Thick Baby Wipes, 72/Pack, Pack of 3  Green",LuvLap,Diapering,Baby Wipes,72 Pieces Each,345.0,38.0,215.0,0.0,1442,4.42,110,4.42,False,7.965116279069768,0.5,healthy,0.5058139534883721,7
Huggies Natural Soft Premium Baby Diaper Pants Small - 46 Pieces,Huggies,Diapering,Baby Diapers,Small,795.0,31.0,544.97,11.85,346,4.32,1666,4.32,False,2.0995762711864394,0.5010593220338984,healthy,0.4152542372881356,77
"R for Rabbit Hilltop Trainer 2-in-1 Potty Training Seat & Step Stool | Adjustable Height with Anti-Skid Base, Universal Fit & Foldable Toilet Seat for 1-7 Years Kids, Toddler (Green White)",R for Rabbit,Diapering,Potty Training,L 45 x B 36 x H 53 cm,1899.0,20.0,1520.91,0.0,216,3.93,47,3.93,False,-10.582278481012658,0.5759493670886076,healthy,0.5063291139240507,23
Winnies Diaper Bag With Changing Station | Mummy Bag With Bassinet | Bed Changing Backpack-Blue,Winnies,Diapering,Diaper Bag & Backpacks,L 31 x B 13 x H 43 cm,2999.0,21.0,2359.01,0.0,29,4.36,22,4.36,False,-12.716216216216218,0.3581081081081081,healthy,0.5067567567567568,4
Pampers Baby Gentle Wet Wipes with Aloe 97% Pure Water - 144 Pieces,Pampers,Diapering,Baby Wipes,Pack of 2,598.0,34.0,397.19,0.0,18943,4.31,505,4.31,True,3.9651162790697683,0.8372093023255814,healthy,0.5058139534883721,2
Babyhug Multifunctional Diaper Backpack Bunny Print- Navy Blue,Babyhug,Diapering,Diaper Bag & Backpacks,L 26.5 x B 18 x H 41.5,2699.0,30.0,1889.3,0.0,109,4.48,147,4.48,False,-3.7162162162162176,0.6351351351351351,healthy,0.5067567567567568,15
"Huggies Natural Soft Premium Overnight pants M 42X2 combo| Premium Pant Style Baby Diapers Medium Size (M Size | 7-12 Kgs), 84 count| Keeps baby dry all night with cloud softness all over",Huggies,Diapering,Baby Diapers,Medium,1798.0,31.0,1245.12,14.82,188,4.43,272,4.43,True,2.0995762711864394,0.3633474576271186,healthy,0.5826271186440678,77
"LuvLap Pant Style Baby Diapers, Small (S), 78 Count, Aloe Vera Lotion, 12hr Protection, White",LuvLap,Diapering,Baby Diapers,Small,949.0,35.0,617.99,7.92,69,4.15,246,4.15,False,6.099576271186439,0.1885593220338983,moderate,0.08792372881355932,27
"Babyhug Advanced Pant Style Diapers XXL - 22 Pieces, Honeycomb Technology, Cottony Soft Diaper with 3D Leak Guard, Latex & Alcohol Free, Anti-rash & Gentle",Babyhug,Diapering,Baby Diapers,XXL,589.0,50.0,296.8,13.49,3400,4.1,17639,4.1,False,21.09957627118644,0.8241525423728814,healthy,0.527542372881356,46
Babyhug Pro Bubble Care Premium Pant Style Diapers Extra Large (XL) Size - 19 Pieces - New & Improved Superior Fit,Babyhug,Diapering,Baby Diapers,Extra Large,775.0,30.0,540.17,28.43,2530,4.27,3330,4.27,False,1.0995762711864394,0.7923728813559322,healthy,0.875,46
"Chicco Soft Cleansing Baby Wipes, Ideal for Nappy, Face and Hand, Fliptop Pack - 144 Pieces",Chicco,Diapering,Baby Wipes,Pack of 2,430.0,26.0,318.2,0.0,9381,4.44,143,4.44,False,-4.034883720930232,0.6744186046511628,healthy,0.5058139534883721,4
Bambo Nature Eco Friendly Tape Diapers with Wetness Indicator Medium Size Pack Of 3 - 84 Pieces,Bambo Nature,Diapering,Baby Diapers,Medium,3897.0,4.0,3741.12,44.54,773,4.47,0,4.47,True,-24.90042372881356,0.6483050847457628,healthy,0.9322033898305084,38
"Mamypoko New Baby| Tape Style Baby Diapers 28 Count 3-5kg||2x Instant Absorption| Soft stretchy fit |Natural Extracts for Nourishment | Loose Stool Stopper, Wetness Indicator",MamyPoko,Diapering,Baby Diapers,New Born,553.0,27.0,402.47,14.37,265,4.5,6,4.5,False,-1.9004237288135606,0.4406779661016949,healthy,0.5699152542372882,65
Bambo Nature Eco friendly Tape Diapers with Wetness Indicator - 24 Pieces,Bambo Nature,Diapering,Baby Diapers,XXS,1699.0,7.0,1580.07,65.84,135,4.67,1,4.67,True,-21.90042372881356,0.3114406779661017,healthy,0.9915254237288136,38
Bambo Nature Eco Friendly Pant Diapers with Wetness Indicator Large Pack of 5 - 100 Pieces,Bambo Nature,Diapering,Baby Diapers,Large,5995.0,5.0,5695.25,56.95,88,4.47,0,4.47,True,-23.90042372881356,0.2277542372881356,moderate,0.9565677966101694,38
BABY FOREST Neer 99.9% Water Baby Wipes Pack Of 2-72 Wipes Each,BABY FOREST,Diapering,Baby Wipes,Pack of 2,898.0,28.0,646.56,0.0,106,4.49,11,4.49,True,-2.0348837209302317,0.19767441860465115,moderate,0.5058139534883721,6
"LuvLap Pant Style Baby Diapers, Extra Large (XL), Pack of 3, 162 Pants, Aloe Vera Lotion, 12hr Protection, White",LuvLap,Diapering,Baby Diapers,XL,2847.0,31.0,1951.9,12.05,26,4.15,246,4.15,True,2.0995762711864394,0.08686440677966102,low,0.4300847457627119,27
"LuvLap Disposable Baby Underpad & Changing Mats, 10 Count, 60x60 cm Waterproof, Breathable, Non-Slip Backsheet, Hypoallergenic Baby Bed Protector Pads",LuvLap,Diapering,Diaper Changing Pads/Mats,L 60 x B 60 cm,279.0,32.0,190.0,0.0,1570,4.48,26,4.48,False,-0.07407407407407618,0.8148148148148148,healthy,0.5061728395061729,15
R For Rabbit Feather Tape Style Diaper with Fast Absorption Technology Size Medium  - Pack of 26,R for Rabbit,Diapering,Baby Diapers,Medium,693.0,22.0,539.99,20.77,589,4.37,123,4.37,False,-6.900423728813561,0.6080508474576272,healthy,0.7733050847457628,24
R for Rabbit Tiny Tots Mellow Potty Seat Multipurpose 3 in 1 Convertible Potty Training Removable Bowl Anti-Slip Pads Detachable & Hangable Seat - Light Blue,R for Rabbit,Diapering,Potty Training,L 28 x B 34 x H 19 cm,1098.0,17.0,911.01,0.0,101,4.18,3,4.18,False,-13.582278481012658,0.3670886075949367,healthy,0.5063291139240507,23
"Huggies Dry Tape | Adjustable Tape Style Diapers, Medium (M) Size (7-12 Kgs), Pack of 30 | Up To 2X Faster Absorption, Up To 12 Hours Overnight Absorption",Huggies,Diapering,Baby Diapers,Medium,515.0,33.0,345.15,11.5,333,3.98,2177,3.98,False,4.099576271186439,0.4936440677966102,healthy,0.3898305084745763,77
"Huggies Dry Tape | Adjustable Tape Style Diapers, Large (L) Size (9-14 Kgs), Pack of 30 | Up To 2X Faster Absorption, Up To 12 Hours Overnight Absorption",Huggies,Diapering,Baby Diapers,Large,590.0,33.0,395.12,13.17,368,3.98,2177,3.98,False,4.099576271186439,0.5148305084745762,healthy,0.5021186440677966,77
Mamy Poko Pants Skin Breathe Care Medium - 32 Pieces,MamyPoko,Diapering,Baby Diapers,Medium,799.0,43.0,451.44,14.11,766,4.4,1737,4.4,False,14.09957627118644,0.6461864406779662,healthy,0.5550847457627118,65
Babyhug Muslin Cloth Nappy Set of 5 Extra Small - Multicolor( Color May Vary),Babyhug,Diapering,Cloth Diapers/ Nappies,Extra Small,425.0,31.0,293.25,0.0,233,4.25,625,4.25,False,-0.20467836257309813,0.7485380116959064,healthy,0.5029239766081871,61
Mothercare Baby 99% Pure Water Baby Wipes with Lid Fragrance Free Paraben Free Ultra-Gentle Dermatologically Tested Wet Wipes Ideal for Sensitive Skin - Pack of 80,Mothercare Baby,Diapering,Baby Wipes,80 Wipes,189.0,25.0,141.75,0.0,357,4.18,1,4.18,False,-5.034883720930232,0.37209302325581395,healthy,0.5058139534883721,2
Mamy Poko Pants Skin Breathe Care XXL - 34 Pieces,MamyPoko,Diapering,Baby Diapers,XXL,1399.0,43.0,793.37,23.33,4028,4.4,1737,4.4,False,14.09957627118644,0.8516949152542372,healthy,0.8305084745762712,65
"Huggies Complete Comfort Wonder Pants, India's Fastest Absorbing Diaper | S Size, 44 Diapers",Huggies,Diapering,Baby Diapers,Small,510.0,28.0,365.77,8.31,292,4.2,7501,4.2,False,-0.9004237288135606,0.4565677966101695,healthy,0.11652542372881355,77
Babyhug Reusable Cloth Diaper with Contrast Flap and Insert Pack of 7 Free Size - Multiprint,Babyhug,Diapering,Cloth Diapers/ Nappies,3 to 24 M,2799.0,48.0,1455.48,0.0,141,3.67,8,3.67,True,16.795321637426902,0.6081871345029239,healthy,0.5029239766081871,61
Wowper Fresh Baby Diaper Pants By DOMS | New Born | Wetness Indicator | Upto 12 Hrs Absorption | 0-5 Kg | XS  (80 Pieces),Wowper,Diapering,Baby Diapers,New Born,1029.0,54.0,473.34,5.92,203,4.05,1154,4.05,False,25.09957627118644,0.3834745762711864,healthy,0.00211864406779661,18
"LuvLap Instadry Waterproof Baby Dry Sheet 3-Pack, Small L 50 x B 70 cm cm (20x28 inch), Extra Absorbent Bed Protector, Salmon Rose, Baby Pink & Sky Blue",LuvLap,Diapering,Diaper Changing Pads/Mats,L 50 x B 70 cm,537.0,48.0,279.03,0.0,23,4.23,89,4.23,False,15.925925925925924,0.1111111111111111,moderate,0.5061728395061729,15
Mamy Poko Pants Skin Breathe Care Small - 38 Pieces,MamyPoko,Diapering,Baby Diapers,Small,749.0,44.0,422.96,11.13,485,4.4,1737,4.4,False,15.09957627118644,0.565677966101695,healthy,0.3495762711864407,65
Baby Ladder Potty Seat - Pink,Fab N Funky,Diapering,Potty Training,L 40 x B 31.5 x H 64 cm,1795.0,44.0,1005.2,0.0,643,3.91,14,3.91,False,13.417721518987342,0.7848101265822784,healthy,0.5063291139240507,17
Babyhug Disposable Bags For Diaper Pail- White,Babyhug,Diapering,Diaper Bag & Backpacks,L 110 x B 13 x H 36.5 cm,549.0,30.0,384.3,0.0,803,4.52,1,4.52,False,-3.7162162162162176,0.8918918918918919,healthy,0.5067567567567568,15
"Huggies Dry Tape | Adjustable Tape Style Diapers, New Born (NB) Size (0-5 Kgs), 36 Count | Up To 2X Faster Absorption, Up To 12 Hours Overnight Absorption",Huggies,Diapering,Baby Diapers,New Born,530.0,35.0,345.03,9.58,345,3.98,2177,3.98,False,6.099576271186439,0.4978813559322034,healthy,0.2245762711864407,77
Huggies Natural Soft Premium Baby Diaper Pants Large - 32 Pieces,Huggies,Diapering,Baby Diapers,Large,795.0,36.0,507.21,15.85,167,4.32,1666,4.32,False,7.099576271186439,0.3453389830508475,healthy,0.6271186440677966,77
Bambo Nature Disposable Swim Diaper Pants Small - 12 Pieces,Bambo Nature,Diapering,Cloth Diapers/ Nappies,Small,799.0,3.0,775.03,0.0,336,5.0,0,5.0,False,-28.204678362573098,0.8187134502923976,healthy,0.5029239766081871,2
Mamy Poko Pants Skin Breathe Care S - 261 Pieces,MamyPoko,Diapering,Baby Diapers,Small,3899.0,43.0,2218.53,8.5,51,4.4,1737,4.4,True,14.09957627118644,0.15466101694915255,moderate,0.13347457627118645,65
Tinycare Cloth Nappy Comfy Junior - Set Of 5 (Print May Vary),Tinycare,Diapering,Cloth Diapers/ Nappies,0,370.0,23.0,284.9,0.0,213,4.43,48,4.43,False,-8.204678362573098,0.7134502923976608,healthy,0.5029239766081871,5
Babyhug Premium 98% Water Baby Wet Wipes with Lemon Scent Travel Pack - 30 Pieces,Babyhug,Diapering,Baby Wipes,30 Pieces,50.0,24.0,38.0,0.0,40033,4.24,1094,4.24,False,-6.034883720930232,0.8837209302325582,healthy,0.5058139534883721,18
R for Rabbit Hiltop Potty Step Stool Training Seat with Ladder Step Up Non-Slip Steps Adjustable Foldable for Kids Baby 1 to 7 Years (Blue Yellow),R for Rabbit,Diapering,Potty Training,L 36.5 x B 34 x H 44 cm,1791.0,21.0,1419.9,0.0,127,3.93,47,3.93,False,-9.582278481012658,0.4240506329113924,healthy,0.5063291139240507,23
Babyhug Teeny Tiny Potty Chair with Lid  - Green|Backrest | Easy Clean Design,Babyhug,Diapering,Potty Training,L 35 x W 23 x H 23 cm,495.0,0.0,495.0,0.0,751,4.01,125,4.01,False,-30.582278481012658,0.8227848101265823,healthy,0.5063291139240507,24
Teddyy Baby Easy Tape Diapers Small 66 Diapers (Pack of 1)  3-8 kgs,Teddyy,Diapering,Baby Diapers,Small,750.0,15.0,639.0,9.68,100,3.67,163,3.67,False,-13.90042372881356,0.2552966101694915,moderate,0.2309322033898305,13
R For Rabbit Feather Tape Style Diaper with Fast Absorption Technology Size Medium  - Pack of 48,R for Rabbit,Diapering,Baby Diapers,Medium,1296.0,26.0,956.06,19.92,110,4.37,123,4.37,False,-2.9004237288135606,0.2733050847457627,moderate,0.7478813559322034,24
Bambo Nature Eco Friendly Pant Diapers with Wetness Indicator Large Size Pack Of 3 - 60 Pieces,Bambo Nature,Diapering,Baby Diapers,Large,3597.0,4.0,3453.12,57.55,1496,4.47,0,4.47,True,-24.90042372881356,0.7521186440677966,healthy,0.9608050847457628,38
Mamy Poko Pants Skin Breathe Care M - 210 Pieces,MamyPoko,Diapering,Baby Diapers,Medium,4399.0,43.0,2503.47,11.92,71,4.4,1737,4.4,True,14.09957627118644,0.19491525423728814,moderate,0.4258474576271186,65
"SuperBottoms Freesize UNO Cloth Diaper | 3M - 3Y | Reusable with 1 Dry Feel Pad & 1 Booster Pad, Absorbs 4-5 Pees - Hunny Bummy | Fits 7-17 Kg (Color May Vary)",SuperBottoms,Diapering,Cloth Diapers/ Nappies,Pack of 1 with Booster,1089.0,46.0,589.04,0.0,159,3.44,18,3.44,False,14.795321637426902,0.631578947368421,healthy,0.5029239766081871,87
Novel Baby Wipes Pack of 6 - 80 Pieces Each,Novel,Diapering,Baby Wipes,Pack of 6,1170.0,69.0,362.7,0.0,9652,4.32,74,4.32,True,38.96511627906977,0.686046511627907,healthy,0.5058139534883721,2
Bambo Nature Pant Style Diapers with Wetness Indicator Extra Large Size  - 19 Pieces,Bambo Nature,Diapering,Baby Diapers,XL,1199.0,2.0,1175.02,61.84,24,4.5,0,4.5,False,-26.90042372881356,0.0836864406779661,low,0.9830508474576272,38
"Mamypoko pants All night absorb Pant Style Baby Diapers with Wider  Crisscross Sheet,Gentle Coco Care,12hr Leakage Protection, Prevents Heaviness Extra Extra Large Size(XXL), 40 Pieces,15-25 Kgs",MamyPoko,Diapering,Baby Diapers,XXL,843.0,25.0,628.29,15.71,64,4.19,264,4.19,False,-3.9004237288135606,0.17266949152542374,moderate,0.6228813559322034,65
"LuvLap Instadry Waterproof Baby Dry Sheet 2-Pack, Small 50x70 cm (20x28 inch), Extra Absorbent Quick Dry Sheet, Bed Protector, Salmon Rose & Sky Blue",LuvLap,Diapering,Diaper Changing Pads/Mats,L 50 x B 70 cm,358.0,44.0,199.01,0.0,1655,4.14,104,4.14,False,11.925925925925924,0.8518518518518519,healthy,0.5061728395061729,15
Babyhug Pro Bubble Care Premium Pant Style Diapers New Born (NB) Size - 24 Pieces - New & Improved Superior Fit,Babyhug,Diapering,Baby Diapers,NB,465.0,43.0,265.7,11.07,7366,4.27,3330,4.27,False,14.09957627118644,0.8940677966101694,healthy,0.3453389830508475,46
Bambo Nature Eco Friendly Pant Diapers with Wetness Indicator Extra Large Pack of 5 - 95 Pieces,Bambo Nature,Diapering,Baby Diapers,XL,5995.0,5.0,5695.25,59.95,32,4.5,0,4.5,True,-23.90042372881356,0.11122881355932203,moderate,0.975635593220339,38
SuperBottoms DryFeel Langot for 0-9M Babies | 100% Cotton Padding | Sweet Tooth (Old Version) | Pack of 3 | 0-5kg,SuperBottoms,Diapering,Cloth Diapers/ Nappies,0-5kg,597.0,21.0,469.0,0.0,273,3.81,340,3.81,False,-10.204678362573098,0.7777777777777778,healthy,0.5029239766081871,87
Bambo Nature Eco Friendly Tape Diapers with Wetness Indicator Small Size Pack Of 3 - 90 Pieces,Bambo Nature,Diapering,Baby Diapers,Small,3897.0,4.0,3741.12,41.57,3625,4.36,1,4.36,True,-24.90042372881356,0.8347457627118644,healthy,0.9216101694915254,38
Bambo Nature Eco Friendly Tape Diapers with Wetness Indicator Medium Size Pack of 6 - 168 Pieces,Bambo Nature,Diapering,Baby Diapers,Medium,7794.0,5.0,7404.3,44.07,17,4.47,0,4.47,True,-23.90042372881356,0.05614406779661017,low,0.9300847457627118,38
Babyhug Ladder Potty Seat - Blue Yellow| Comfortable & Secure Training Seat| Anti-Slip Base| Easy to Clean| Lightweight Design| Easy to Assemble| Fits All Regular Commodes,Babyhug,Diapering,Potty Training,L 40.5 x B 37 x H 54 cm,1795.0,40.0,1077.0,0.0,69,5.0,0,5.0,False,9.417721518987342,0.2911392405063291,moderate,0.5063291139240507,24
Baby jalebi City Trooper diaper bag Caramel,Baby Jalebi,Diapering,Diaper Bag & Backpacks,L 38 x B 15 x H 30 cm,13500.0,3.0,13095.0,0.0,32,2.0,0,2.0,True,-30.716216216216218,0.3918918918918919,healthy,0.5067567567567568,2
"LuvLap Multifunctional Waterproof Diaper Bag-Backpack/Tote, Premium Oxford, Large Storage with 15 Pockets, Blue All-Over Print",LuvLap,Diapering,Diaper Bag & Backpacks,L 25 x B 18 x H 40 cm,1695.0,12.0,1499.06,0.0,128,4.45,24,4.45,False,-21.716216216216218,0.7027027027027027,healthy,0.5067567567567568,2
"R for Rabbit Caramello Baby Diaper Bags for Mom to Travel, Large Capacity Stylish Waterproof Multipurpose Maternity Diaper Backpack for Mothers (Cream Red)",R for Rabbit,Diapering,Diaper Bag & Backpacks,L 40 x B 28 x H 20 cm,2196.0,17.0,1824.0,0.0,13,4.47,21,4.47,False,-16.716216216216218,0.1891891891891892,moderate,0.5067567567567568,12
"LuvLap Supreme Diaper Pants Medium (MD) 7-12kg, 72pcs, Aloe Vera, Rash Prevention, 12hr Protection, 5 Layer, White",LuvLap,Diapering,Baby Diapers,Medium,1499.0,39.0,919.04,12.76,84,4.32,91,4.32,False,10.09957627118644,0.22245762711864406,moderate,0.4703389830508475,27
R for Rabbit Little Grownup Pixie Potty Seat with Music Comfortable Potty Training Sidekick Ergonomic Backrest Tissue Storage for Baby Infant & Kids - White & Grey,R for Rabbit,Diapering,Potty Training,L 42 x B 31 x H 29 cm,2196.0,21.0,1724.96,0.0,106,4.49,1,4.49,False,-9.582278481012658,0.3924050632911392,healthy,0.5063291139240507,23
Pampers Happy Sleep Pant Style Baby Diaper 1 Night Sleep with Anti Rash (L) Large - 24 Pieces,Pampers,Diapering,Baby Diapers,Large,374.0,0.0,374.0,15.58,210,1.0,0,1.0,False,-28.90042372881356,0.3877118644067797,healthy,0.6186440677966102,85
"LuvLap Instadry Waterproof Baby Dry Sheet 3-Pack, Small 50x70 cm (20x28 inch), Extra Absorbent Bed Protector, Navy Blue, Maroon & Royal Blue",LuvLap,Diapering,Diaper Changing Pads/Mats,L 50 x B 70 cm,537.0,48.0,279.03,0.0,629,4.23,89,4.23,False,15.925925925925924,0.7037037037037037,healthy,0.5061728395061729,15
Pampers Happy Sleep Pant Style Baby Diaper 1 Night Sleep with Anti Rash (M) Medium - 28 Pieces,Pampers,Diapering,Baby Diapers,Medium,374.0,0.0,374.0,13.36,173,1.0,0,1.0,False,-28.90042372881356,0.3538135593220339,healthy,0.5233050847457628,85
Babyhug Pro Bubble Care Premium Tape Style Diaper Extra Large - 20 Pieces - New & Improved Superior Fit,Babyhug,Diapering,Baby Diapers,Extra Large (XL),655.0,23.0,501.66,25.08,10011,4.32,1895,4.32,False,-5.900423728813561,0.9152542372881356,healthy,0.8516949152542372,46
Mamy Poko Pants Skin Breathe Care Large - 26 Pieces,MamyPoko,Diapering,Baby Diapers,Large,799.0,42.0,459.43,17.67,553,4.4,1737,4.4,False,13.09957627118644,0.597457627118644,healthy,0.6822033898305084,65
Mamy Poko Pants Skin Breathe Care New Born - 74 Pieces,MamyPoko,Diapering,Baby Diapers,New Born,1199.0,45.0,655.49,8.86,410,4.4,1737,4.4,False,16.09957627118644,0.5254237288135594,healthy,0.1620762711864407,65
"Little's Soft Cleansing Baby Wipes | 80 Wipes x 5 - 400 Wipes | Extra Thick & Moist Wet Wipes for Baby's | Prevents Rashes & Redness with Goodness of Aloe Vera, Vitamin E & Jojoba Oil",Little's,Diapering,Baby Wipes,Pack of 5,530.0,10.0,477.0,0.0,296,4.31,176,4.31,False,-20.03488372093023,0.36046511627906974,healthy,0.5058139534883721,6
Babyhug Muslin Cotton Reusable Velcro Printed Cloth Nappies Medium Set of 12 - Multicolor,Babyhug,Diapering,Cloth Diapers/ Nappies,Medium,1395.0,33.0,934.65,0.0,84,3.96,68,3.96,True,1.7953216374269019,0.40350877192982454,healthy,0.5029239766081871,61
"LuvLap 99% Pure Water Baby Wipes, Extra Thick & Unscented with Aloe & Vitamin E, Buy 1 Get 1 Free, 72x2  White",LuvLap,Diapering,Baby Wipes,Pack of 2,299.0,17.0,249.01,0.0,404,4.5,10,4.5,False,-13.034883720930232,0.38372093023255816,healthy,0.5058139534883721,7
"Babyhug 3-in-1 Baby Diaper Bag Backpack - Brown | Tote, Sling & Backpack Modes | Insulated Bottle Pockets | Spacious & Waterproof | Stroller Friendly",Babyhug,Diapering,Diaper Bag & Backpacks,L 37 x B 15.5 x H 30 cm,2199.0,28.0,1583.28,0.0,17,4.33,45,4.33,False,-5.716216216216218,0.21621621621621623,moderate,0.5067567567567568,15
Wowper Fresh Baby Diaper Pants | Small (S) Size - 156 Pieces 4-8 Kg | Pack of 2 | Wetness Indicator | Upto 12 Hrs Absorption,Wowper,Diapering,Baby Diapers,Small,2058.0,52.0,987.84,6.33,182,4.05,1154,4.05,True,23.09957627118644,0.3580508474576271,healthy,0.00847457627118644,18
Bambo Nature Tape Diapers with Wetness Indicator XX Large Size - 40 Pieces,Bambo Nature,Diapering,Baby Diapers,XX Large,2390.0,3.0,2318.3,57.96,19,4.0,0,4.0,True,-25.90042372881356,0.0635593220338983,low,0.965042372881356,38
"Pampers Active Baby Taped Diapers, Large size diapers, (L) 18 count, taped style custom fit",Pampers,Diapering,Baby Diapers,Large,467.0,8.0,427.96,23.78,1791,4.48,4491,4.48,False,-20.90042372881356,0.7733050847457628,healthy,0.8389830508474576,85
"SuperBottoms Freesize UNO Cloth Diaper | 3M - 3Y | Reusable, Absorbs 4-5 Pees - Pack of 3 with dry feel pad (Pad's design and color may vary) | Fits 7-17 Kg",SuperBottoms,Diapering,Cloth Diapers/ Nappies,Pack of 3,2670.0,45.0,1478.91,0.0,128,3.93,13,3.93,True,13.795321637426902,0.5847953216374269,healthy,0.5029239766081871,87
"StarAndDaisy Potty Seat/Chair for Kids 1-5 Years / 3-In-1 Baby Toilet Training Seat with Anti-Skip Pads, Removable Potty Pot, Potty Training Seat for Baby & Kids (Blue - Red)",StarAndDaisy,Diapering,Potty Training,L 35 X B 32 cm,2549.0,57.0,1098.87,0.0,102,4.12,13,4.12,True,26.417721518987342,0.379746835443038,healthy,0.5063291139240507,4
Honey Bunny Pant Style Diaper  Extra Large (XL) - 54 Pieces,Honey Bunny,Diapering,Baby Diapers,XL,899.0,39.0,549.02,10.17,21,4.21,4,4.21,False,10.09957627118644,0.07203389830508475,low,0.2764830508474576,9
"LuvLap Supreme Diaper Pants Extra Large (XL) 12-17kg, 54pcs, Aloe Vera, Rash Prevention, 12hr Protection, 5 Layer, White",LuvLap,Diapering,Baby Diapers,Extra Large,1699.0,48.0,888.92,16.46,39,4.32,91,4.32,True,19.09957627118644,0.13241525423728814,moderate,0.6440677966101694,27
Bambo Nature Eco Friendly Pant Diapers with Wetness Indicator Large Pack of 5 - 20 Pieces Each,Bambo Nature,Diapering,Baby Diapers,Large,5995.0,0.0,5995.0,59.95,1314,4.47,0,4.47,True,-28.90042372881356,0.7372881355932204,healthy,0.975635593220339,38
R for Rabbit Hygo Bin Babies Diaper Pail | Portable Diaper Bin with Built-in Odor Controlling Carbon Filter | Child Safety Lock With Magnetic Smart Lid - Grey White,R for Rabbit,Diapering,Diaper Bag & Backpacks,L 23.5 x B 17 x H 63.5 cm,3195.0,17.0,2635.88,0.0,41,3.53,1,3.53,False,-16.716216216216218,0.4189189189189189,healthy,0.5067567567567568,12
"LuvLap Pant Style Baby Diapers, Medium (MD), Pack of 3, 216 Pants, Aloe Vera Lotion, 12hr Protection, White",LuvLap,Diapering,Baby Diapers,Medium,2847.0,29.0,2015.11,9.33,9,4.15,246,4.15,True,0.09957627118643941,0.029661016949152543,low,0.19703389830508475,27
Pampers Happy Sleep Pant Style Baby Diaper 1 Pampers 1 Night Sleep with Anti Rash Shield XL - 22 Pieces,Pampers,Diapering,Baby Diapers,Extra Large,389.0,14.0,334.54,15.21,327,4.09,26,4.09,False,-14.90042372881356,0.486228813559322,healthy,0.6059322033898306,85
Winnies Diaper Bag With Changing Station | Mummy Bag With Bassinet | Bed Changing Backpack-Grey,Winnies,Diapering,Diaper Bag & Backpacks,L 31 x B 13 x H 43 cm,2999.0,21.0,2359.01,0.0,68,4.36,22,4.36,False,-12.716216216216218,0.5472972972972973,healthy,0.5067567567567568,4
Babyhug Muslin Cotton Reusable Velcro Printed Cloth Nappies Small Set of 5 - Multicolor,Babyhug,Diapering,Cloth Diapers/ Nappies,Small,599.0,33.0,401.33,0.0,976,3.86,77,3.86,False,1.7953216374269019,0.9181286549707602,healthy,0.5029239766081871,61
Baby Potty Chair Bunny Design - Pink,Fab N Funky,Diapering,Potty Training,L 33 x B 27 x H 41.5 cm,2095.0,38.0,1298.9,0.0,735,4.37,15,4.37,False,7.417721518987342,0.810126582278481,healthy,0.5063291139240507,17
"Babyhug 100% Interlock Cotton Double Layer Nappy Helicopter, Boat & Car Print Pack of 6 - Extra Small Size| Machine Washable| Soft & Skin Friendly| Tie Knot Style",Babyhug,Diapering,Cloth Diapers/ Nappies,0-2 M,579.0,36.0,370.56,0.0,226,4.55,7,4.55,False,4.795321637426902,0.7339181286549707,healthy,0.5029239766081871,61
"StarAndDaisy Baby Diaper Bag For Mother for Travel with Laptop Pocket, Multi Compartments, Insulated Bottle Pockets - White",StarAndDaisy,Diapering,Diaper Bag & Backpacks,L 20 x B 26 x H 50 cm,1599.0,31.0,1098.99,0.0,5,3.86,16,3.86,False,-2.7162162162162176,0.06756756756756757,low,0.5067567567567568,4
Johnson's Baby Skincare Wipes Pack of 2  - 144 Pieces,Johnson's baby,Diapering,Baby Wipes,Pack of 2,580.0,50.0,290.0,0.0,91,4.51,40,4.51,True,19.96511627906977,0.18604651162790697,moderate,0.5058139534883721,1
Huggies Adjustable Dry Tape Style Diapers Size Small - 34 Diapers,Huggies,Diapering,Baby Diapers,Small,530.0,35.0,345.03,10.15,417,3.98,2177,3.98,False,6.099576271186439,0.5317796610169492,healthy,0.2711864406779661,77
SuperBottoms Padded Underwear for 1-2Y Babies | Potty Training Pants with Dry Feel Layer Inside | Explorer | Pack of 3 | Size 1,SuperBottoms,Diapering,Cloth Diapers/ Nappies,1-2Y,899.0,11.0,799.03,0.0,106,3.57,117,3.57,False,-20.204678362573098,0.52046783625731,healthy,0.5029239766081871,87
"SuperBottoms Premium Cotton Padding (No Sponge) Vehicle & Animal Print Pack of 3 - Yellow Red , Large",SuperBottoms,Diapering,Cloth Diapers/ Nappies,5-10kg,645.0,9.0,589.01,0.0,226,4.14,72,4.14,False,-22.204678362573098,0.7339181286549707,healthy,0.5029239766081871,87
Bambo Nature Disposable Swim Diaper Pants Medium  - 12 Pieces,Bambo Nature,Diapering,Cloth Diapers/ Nappies,Medium,899.0,3.0,872.03,0.0,191,4.0,0,4.0,False,-28.204678362573098,0.6900584795321637,healthy,0.5029239766081871,2
R for Rabbit Panda Potty Training Chair for Baby Ergonomic Backrest with Sturdy Grip Handle for New Born Babies/Infant/Kids Weight Up to 25Kg 6 to 48 Months (Purple Green),R for Rabbit,Diapering,Potty Training,L 36 x B 27 cm,1698.0,16.0,1418.0,0.0,206,4.31,8,4.31,False,-14.582278481012658,0.5443037974683544,healthy,0.5063291139240507,23
Babyhug Pro Bubble Care Premium Tape Style Diaper XXL - 20 Pieces - New & Improved Superior Fit,Babyhug,Diapering,Baby Diapers,XXL,655.0,35.0,427.98,21.4,4607,4.32,1895,4.32,False,6.099576271186439,0.8580508474576272,healthy,0.7923728813559322,46
Babyhug 100% Cotton Padded Underwear Training Diapers Sports Print Pack of 3 Size 0 - Blue| Washable & Eco-friendly| Durable Elastic| Soft & Skin Friendly| Absorbent| For 9 to 12 months,Babyhug,Diapering,Cloth Diapers/ Nappies,Size 0(9 - 12 months),899.0,48.0,467.48,0.0,172,3.46,24,3.46,False,16.795321637426902,0.6491228070175439,healthy,0.5029239766081871,61
R for Rabbit Tiny Tots Mellow Potty Seat Multipurpose 3 in 1 Convertible Potty Training Removable Bowl Anti-Slip Pads Detachable & Hangable Seat - White & Grey,R for Rabbit,Diapering,Potty Training,L 28 x B 34 x H 19 cm,1098.0,17.0,911.01,0.0,64,4.18,3,4.18,False,-13.582278481012658,0.26582278481012656,moderate,0.5063291139240507,23
Babyhug Cow Potty Chair - Mint Green,Babyhug,Diapering,Potty Training,Carrying capacity 15 Kg,1595.0,43.0,909.15,0.0,247,4.29,48,4.29,False,12.417721518987342,0.620253164556962,healthy,0.5063291139240507,24
"Mamypoko pants All night absorb Pant Style Baby Diapers with Wider  Crisscross Sheet,Gentle Coco Care,12hr Leakage Protection, Prevents Heaviness Large Size(L), 62 Pieces,9-14 Kgs",MamyPoko,Diapering,Baby Diapers,Large,843.0,25.0,628.29,10.13,7,4.19,264,4.19,False,-3.9004237288135606,0.023305084745762712,low,0.2669491525423729,65
SuperBottoms First Love Premium DryFeel Langot for 0-9M Babies | 100% Cotton Padding | Sweet Tooth | Pack of 3 | 5-10kg | Size L,SuperBottoms,Diapering,Cloth Diapers/ Nappies,5-10kg,597.0,21.0,469.0,0.0,391,4.14,72,4.14,False,-10.204678362573098,0.8304093567251462,healthy,0.5029239766081871,87
Chicco Baby Moments Diaper Rash Cream - 100 ml,Chicco,Diapering,Diaper Rash Cream,100 ml,379.0,15.0,322.15,0.0,113,4.41,17,4.41,False,4.666666666666666,0.13333333333333333,moderate,0.5333333333333333,1
Babyhug Duckling Potty chair with Music - Pink,Babyhug,Diapering,Potty Training,L 42 x B 29 x H 33 cm,1295.0,32.0,880.6,0.0,1301,4.17,156,4.17,False,1.4177215189873422,0.9493670886075949,healthy,0.5063291139240507,24
Babyhug Baby Potty Seat With Cars Print - Light Blue,Babyhug,Diapering,Potty Training,L 35 x B 29 x H 6.5 cm,445.0,33.0,299.93,0.0,169,3.55,11,3.55,False,2.417721518987342,0.5189873417721519,healthy,0.5063291139240507,24
Babyoye Air Soft Premium Pant Style Diapers XXL - 15 Pieces | All Night Dryness | Prevents Diaper Rash | Upto 12 Hr Leakage Protection | Super Soft & Comfy | Quick Absorption,Babyoye,Diapering,Baby Diapers,XXL,659.0,73.0,177.93,11.86,1232,4.17,290,4.17,False,44.099576271186436,0.7266949152542372,healthy,0.4184322033898305,11
R for Rabbit XS New Born Premium Feather Diaper Pant Style for Baby 0 to 5 kgs (22 Combo Pack Offer),R for Rabbit,Diapering,Baby Diapers,Extra Small,495.0,14.0,424.91,19.31,474,4.45,905,4.45,False,-14.90042372881356,0.5635593220338984,healthy,0.7309322033898306,24
Pampers Happy Sleep Pant Style Baby Diapers Large (L) - 60 Count,Pampers,Diapering,Baby Diapers,Large,875.0,23.0,674.54,11.24,43,5.0,0,5.0,False,-5.900423728813561,0.1440677966101695,moderate,0.3601694915254237,85
Babyhug Reusable Nappies Insert Pack of 3 - White,Babyhug,Diapering,Cloth Diapers/ Nappies,35 x 14 cm,445.0,43.0,253.65,0.0,7213,3.93,105,3.93,False,11.795321637426902,0.9883040935672515,healthy,0.5029239766081871,61
Babyhug Muslin Cotton Dyed Printed Cloth Nappies Extra Small Set of 12 - Multicolour,Babyhug,Diapering,Cloth Diapers/ Nappies,XS,1299.0,31.0,896.31,0.0,86,4.39,31,4.39,False,-0.20467836257309813,0.4327485380116959,healthy,0.5029239766081871,61
Baby Diaper Changing Waterproof Mat Animal Print With PVC Material -Sea Green,Fab N Funky,Diapering,Diaper Changing Pads/Mats,L 56.5 x B 42 cm,259.0,33.0,173.53,0.0,592,4.32,151,4.32,False,0.9259259259259238,0.6790123456790124,healthy,0.5061728395061729,5
Bonfino Bambino Luxe Smart Multipurpose Diaper Backpack with Diaper Changing Mat| Adjustable Padded Shoulder Strap| Insulated Bottle Pouches| Secret Back Pouch | Capacity- 20L -  Cool Blue,Bonfino,Diapering,Diaper Bag & Backpacks,L 27.5 x B 16 x H 38 cm,3799.0,38.0,2355.38,0.0,153,4.16,6,4.16,False,4.283783783783782,0.722972972972973,healthy,0.5067567567567568,3
Babyhug Premium Baby Lemon Wipes Pack of 2 - 144 Pieces,Babyhug,Diapering,Baby Wipes,Pack Of 2 ,250.0,61.0,97.5,0.0,71,4.24,2,4.24,False,30.96511627906977,0.10465116279069768,moderate,0.5058139534883721,18
MamyPoko Extra Absorb Pants Style Diapers Small - 14 Pieces,MamyPoko,Diapering,Baby Diapers,Small,187.0,29.0,133.44,9.53,133,4.41,1381,4.41,False,0.09957627118643941,0.3061440677966102,healthy,0.21822033898305085,65
"SuperBottoms BASIC Reusable Cloth Diaper for babies | Freesize Adjustable, Washable and Reusable Cloth Diaper for babies | Shell with insert | Pack of 7 | Fits 5-17 kg",SuperBottoms,Diapering,Cloth Diapers/ Nappies,Pack of 7,5243.0,71.0,1498.97,0.0,37,3.87,27,3.87,True,39.7953216374269,0.2046783625730994,moderate,0.5029239766081871,87
Bambo Nature Eco-friendly Tape Diapers with Wetness Indicator XL Size Pack Of 3 - 66 Pieces,Bambo Nature,Diapering,Baby Diapers,XL,3597.0,4.0,3453.12,52.32,2616,5.0,0,5.0,True,-24.90042372881356,0.7966101694915254,healthy,0.9449152542372882,38
R for Rabbit Hiltop Step Stool Potty Trainer Seat Ladder Step Up Training Stool Non-Slip Steps Ladder Adjustable Foldable for Kids Baby 1 to 7 Years (Grey White),R for Rabbit,Diapering,Potty Training,L 36.5 x B 34 x H 44 cm,1791.0,21.0,1419.9,0.0,127,3.93,47,3.93,False,-9.582278481012658,0.4240506329113924,healthy,0.5063291139240507,23
"MamyPoko Pants Extra Absorb Baby Diapers, New Born (NB size) | 0-5 kg | 74 Count |Deep Sleep Diapers| Soft gentle fit |Deep Absorbent Crisscross | skin friendly with coconut oil |",MamyPoko,Diapering,Baby Diapers,New Born,937.0,20.0,745.57,10.08,53,4.41,1381,4.41,False,-8.90042372881356,0.16101694915254236,moderate,0.2616525423728814,65
SuperBottoms Padded Underwear for 2-3Y Babies | Potty Training Pants with Dry Feel Layer Inside | Lil Explorers Club | Pack of 3 | Size 2 (Design & Color May Vary),SuperBottoms,Diapering,Cloth Diapers/ Nappies,2-3Y,879.0,9.0,799.01,0.0,147,3.57,117,3.57,False,-22.204678362573098,0.6257309941520468,healthy,0.5029239766081871,87
SuperBottoms Padded Underwear for 3-4Y Babies | Potty Training Pants for Mess-Free Diaper-Free Time | Lil Explorer's Club | Pack of 3,SuperBottoms,Diapering,Cloth Diapers/ Nappies,3-4Y,879.0,9.0,799.01,0.0,170,3.57,117,3.57,False,-22.204678362573098,0.6432748538011696,healthy,0.5029239766081871,87
Bonfino Bambino Luxe Smart Multipurpose Diaper Backpack with Diaper Changing Mat| Adjustable Padded Shoulder Strap| Insulated Bottle Pouches| Secret Back Pouch | Capacity- 17L -  Beige,Bonfino,Diapering,Diaper Bag & Backpacks,L 28 x B 11.5 x H 39 cm,3799.0,38.0,2355.38,0.0,298,4.16,6,4.16,False,4.283783783783782,0.7837837837837838,healthy,0.5067567567567568,3
SuperBottoms Padded Underwear for 2-3Y Babies | Potty Training Pants with Dry Feel Layer Inside | Bummy's Day Out (Color may vary Slightly) | Pack of 3 | Size 2,SuperBottoms,Diapering,Cloth Diapers/ Nappies,12.5 to 14.5 kg,897.0,11.0,798.96,0.0,330,3.57,117,3.57,False,-20.204678362573098,0.8011695906432749,healthy,0.5029239766081871,87
"Pampers Complete Skin Comfort Pants (XL), 30 Count, 12-17kg, Anti-rash blanket, 360 degree Lotion with Aloe Vera",Pampers,Diapering,Baby Diapers,Extra Large,840.0,0.0,835.97,27.87,305,4.24,6996,4.24,False,-28.90042372881356,0.4703389830508475,healthy,0.8707627118644068,85
"WaterWipes (Made in Ireland) Baby wipes, Pack of 12 (720 wipes), For sensitive skin, World's Purest Wipes (Imported),  Just 2 ingredients, Certified by Allergy UK and Eczema association",Water Wipes,Diapering,Baby Wipes,Pack of 12,8999.0,48.0,4689.38,0.0,9956,4.36,1,4.36,True,17.96511627906977,0.7558139534883721,healthy,0.5058139534883721,6
"Huggies Natural Soft Premium Tape Diapers Newborn/Extra Small (NB/XS) Size, Upto 5 kgs, 32 Count | Our No.1 Soft Taped Diaper with Cloud Soft Bed, designed for Newborns with Runny Poo Absorption",Huggies,Diapering,Baby Diapers,NB,549.0,28.0,395.39,12.36,557,4.48,150,4.48,False,-0.9004237288135606,0.6027542372881356,healthy,0.4533898305084746,77
Babyhug Potty Training Toilet Seat with Adjustable Ladder & Step Stool - Green & Yellow| Anti-Slip Toddler Toilet Trainer| Compact Fold for Storage| Compatible with all Commode Types,Babyhug,Diapering,Potty Training,L 32 x B 39.5 x H 62 cm,1995.0,35.0,1296.75,0.0,152,3.0,1,3.0,False,4.417721518987342,0.4936708860759494,healthy,0.5063291139240507,24
Mamy Poko Pants Skin Breathe Care New Born - 42 Pieces,MamyPoko,Diapering,Baby Diapers,New Born,749.0,46.0,407.98,9.71,596,4.4,1737,4.4,False,17.09957627118644,0.614406779661017,healthy,0.2330508474576271,65
"LuvLap Pant Style Baby Diapers, Medium (MD), Pack of 2, 144 Pants, Aloe Vera Lotion, 12hr Protection, White",LuvLap,Diapering,Baby Diapers,Medium,1898.0,29.0,1343.02,9.33,35,4.15,246,4.15,True,0.09957627118643941,0.12182203389830508,moderate,0.19703389830508475,27
Babyhug Advanced Everyday Protection Diaper Rash Cream - 100 g,Babyhug,Diapering,Diaper Rash Cream,100 g,245.0,36.0,156.8,0.0,2371,4.12,97,4.12,False,25.666666666666664,1.0,healthy,0.5333333333333333,2
Babyhug Butterfly Print Potty Seat with Skid Proof Pads & Handle - Pink,Babyhug,Diapering,Potty Training,L 41 x B 37 x H 16.5 cm,525.0,30.0,367.5,0.0,1128,4.06,20,4.06,False,-0.5822784810126578,0.9113924050632911,healthy,0.5063291139240507,24
Babyhug Dolphine Print Potty Seat with Handle - Blue,Babyhug,Diapering,Potty Training,L 41 x B 37 x H 16.5 cm,525.0,30.0,365.29,0.0,1143,4.06,20,4.06,False,-0.5822784810126578,0.9240506329113924,healthy,0.5063291139240507,24
Bella Baby Happy Diapers Small - 44 Pieces,Bella,Diapering,Baby Diapers,Small,1030.0,28.0,741.6,16.85,64,4.05,172,4.05,False,-0.9004237288135606,0.17266949152542374,moderate,0.6588983050847458,4
Baby Diaper Changing Waterproof Mat Sunny Day Print With PVC Material -Pink,Fab N Funky,Diapering,Diaper Changing Pads/Mats,L 58.5 x B 43 cm,259.0,33.0,173.53,0.0,195,4.32,151,4.32,False,0.9259259259259238,0.5061728395061729,healthy,0.5061728395061729,5
Babyhug Diaper Backpack Unicorn Print - Grey,Babyhug,Diapering,Diaper Bag & Backpacks,L 26.5 x B 18 x H 41.5,2695.0,30.0,1886.5,0.0,29,4.48,147,4.48,False,-3.7162162162162176,0.3581081081081081,healthy,0.5067567567567568,15
"Little's Soft Cleansing Baby Wipes with Lid | 80 Wipes x Pack of 2 - 160 Wipes | Extra Thick & Moist Wet Wipes for Baby's | Prevents Rashes & Redness with Goodness of Aloe Vera, Vitamin E & Jojoba Oil",Little's,Diapering,Baby Wipes,Pack of 2,232.0,10.0,208.8,0.0,287,4.44,206,4.44,False,-20.03488372093023,0.3488372093023256,healthy,0.5058139534883721,6
Mamy Poko Pants Skin Breathe Care XL - 20 Pieces,MamyPoko,Diapering,Baby Diapers,XL,749.0,45.0,415.47,20.77,726,4.4,1737,4.4,False,16.09957627118644,0.6398305084745762,healthy,0.7733050847457628,65
Mylo Baby Diaper Pants Large L Size 9-14 kgs with ADL Technology - 64 Count - 12 Hours Protection,Mylo,Diapering,Baby Diapers,Large,934.0,20.0,747.2,11.68,1048,3.9,167,3.9,False,-8.90042372881356,0.6991525423728814,healthy,0.4088983050847458,13
SuperBottoms Padded Underwear for 2-3Y Babies | Potty Training Pants for Mess-Free Diaper-Free Time | Assorted 5 | Pack of 3,SuperBottoms,Diapering,Cloth Diapers/ Nappies,2-3Y,1798.0,14.0,1548.98,0.0,87,3.63,56,3.63,True,-17.204678362573098,0.4444444444444444,healthy,0.5029239766081871,87
"Milk Baby Diaper Yoga Pants, Size L - 36 Pcs, 9 To 17 kg",Milk,Diapering,Baby Diapers,Large,1499.0,1.0,1484.01,41.22,71,4.5,1,4.5,False,-27.90042372881356,0.19491525423728814,moderate,0.9173728813559322,6
SuperBottoms Padded Underwear for 2-3Y Babies | Potty Training Pants with Dry Feel Layer Inside | Explorer | Pack of 3 | Size 2,SuperBottoms,Diapering,Cloth Diapers/ Nappies,2-3Y,899.0,11.0,799.03,0.0,221,3.57,117,3.57,False,-20.204678362573098,0.7251461988304093,healthy,0.5029239766081871,87
 Babyhug Milk Daily Moisturising Baby Wet Wipes 98% Water Travel Pack - 24 Pieces,Babyhug,Diapering,Baby Wipes,24 Pieces,85.0,23.0,65.45,0.0,14719,4.48,910,4.48,False,-7.034883720930232,0.8255813953488372,healthy,0.5058139534883721,18
"Babyhug 100% Interlock Cotton Double Layer Nappy Helicopter, Boat & Car Print Pack of 6 - Small Size| Machine Washable| Soft & Skin Friendly| Tie Knot Style",Babyhug,Diapering,Cloth Diapers/ Nappies,1-6 M,699.0,34.0,461.34,0.0,315,4.29,2,4.29,False,2.795321637426902,0.7894736842105263,healthy,0.5029239766081871,61
SuperBottoms First Love Premium DryFeel Langot for 0-9M Babies | 100% Cotton Padding | Bummy World | Pack of 3 | 0-5kg | Size S,SuperBottoms,Diapering,Cloth Diapers/ Nappies,0-5kg,597.0,21.0,469.0,0.0,112,3.97,31,3.97,False,-10.204678362573098,0.543859649122807,healthy,0.5029239766081871,87
Lovingle Luxury Diaper Pants Small - 69 pieces,Pro-ease Lovingle,Diapering,Baby Diapers,Small,940.0,43.0,535.8,7.77,67,4.17,145,4.17,False,14.09957627118644,0.1832627118644068,moderate,0.08050847457627118,8
"LuvLap Instadry Waterproof Baby Dry Sheet 2-Pack, Medium 70x100 cm (28x39 inch), Extra Absorbent Quick Dry Sheet, Bed Protector, Navy Blue & Marron",LuvLap,Diapering,Diaper Changing Pads/Mats,L 100 x B 70 cm,598.0,37.0,379.01,0.0,473,4.26,16,4.26,False,4.925925925925924,0.6172839506172839,healthy,0.5061728395061729,15
Wowper Fresh Baby Diaper Pants By DOMS | Witness Indicator | Upto 12 Hrs Absorption | 14-17 Kg | XL (54 Pieces),Wowper,Diapering,Baby Diapers,XL,1029.0,52.0,493.92,9.15,1543,4.05,1154,4.05,False,23.09957627118644,0.7563559322033898,healthy,0.1832627118644068,18
Mother Sparsh Baby Plant Powered Natural Baby Wipes With Grapefruit Extract - 60 Pieces,Mother Sparsh Baby,Diapering,Baby Wipes,60 Pieces,199.0,50.0,99.0,0.0,4024,4.46,142,4.46,False,19.96511627906977,0.5697674418604651,healthy,0.5058139534883721,8
Teddyy Baby Easy Pant Diapers New Born 66 Diapers (Pack of 1)  2-5 kgs,Teddyy,Diapering,Baby Diapers,New Born (NB/XS),569.0,20.0,455.2,6.9,40,3.82,571,3.82,False,-8.90042372881356,0.13665254237288135,moderate,0.03283898305084746,13
"Babyhug Waterproof Elastic Fitted Nappy Small Size Set of 3 - Pink, Blue & Yellow | Soft Terry Inner Layer | Reusable & Quick Dry | Easy to Clean | Skin-Friendly for Babies",Babyhug,Diapering,Cloth Diapers/ Nappies,Small,355.0,33.0,237.85,0.0,352,2.93,137,2.93,False,1.7953216374269019,0.8245614035087719,healthy,0.5029239766081871,61
"Mi Arcus 2-in-1 Printed Maternity Diaper Bag with Zip Closure, Convertible Handbag & Backpack- Pink",Mi Arcus,Diapering,Diaper Bag & Backpacks,L 28 x B 32 x H 14 cm,1299.0,15.0,1099.21,0.0,246,4.41,51,4.41,False,-18.716216216216218,0.7567567567567568,healthy,0.5067567567567568,4
Bambo Nature Tape Diapers with Wetness Indicator Extra  Large Size - 44 Pieces,Bambo Nature,Diapering,Baby Diapers,XL,2390.0,3.0,2318.3,52.69,41,5.0,0,5.0,True,-25.90042372881356,0.13983050847457626,moderate,0.9491525423728814,38
"R for Rabbit Caramello Delight Stylish Diaper Bag Backpack for Mothers for Travel, Large Capacity Multifunction Waterproof Maternity Mother Bag for New Born Baby Mom (Black Stripes)",R for Rabbit,Diapering,Diaper Bag & Backpacks,L 33 x B 10 x H 45 cm,2493.0,19.0,2027.81,0.0,96,3.9,4,3.9,False,-14.716216216216218,0.6216216216216216,healthy,0.5067567567567568,12
Babyhug Teeny Tiny Potty Chair with Lid  - Pink|Backrest | Easy Clean Design,Babyhug,Diapering,Potty Training,L 35 x W 23 x H 23 cm,495.0,0.0,495.0,0.0,1243,4.01,125,4.01,False,-30.582278481012658,0.9367088607594937,healthy,0.5063291139240507,24
Teddyy Baby Easy Tape Diapers Double Small 48 Diapers (Pack of 1)  3-8 kgs,Teddyy,Diapering,Baby Diapers,Small,509.0,16.0,428.99,8.94,121,3.67,163,3.67,False,-12.90042372881356,0.2923728813559322,moderate,0.1716101694915254,13
"Milk Baby Diaper Flexi Tape , Size M - 42 Pcs, 6 To 11 kg",Milk,Diapering,Baby Diapers,Medium,1499.0,1.0,1484.01,35.33,22,4.0,0,4.0,False,-27.90042372881356,0.07521186440677965,low,0.9014830508474576,6
Bambo Nature Eco Friendly & Soft Disposable Diaper Changing Mat Pack of 10 - Multicolor,Bambo Nature,Diapering,Diaper Changing Pads/Mats,L 60 x B 60 cm,1099.0,5.0,1044.05,0.0,88,4.0,0,4.0,True,-27.074074074074076,0.3271604938271605,healthy,0.5061728395061729,1
Babyhug Printed Reusable Cloth Diaper with Square Inserts Pack of 7 Free Size - Multicolor| Washable & Eco-friendly| Adjust to Suit Waist Size|Easy Snap Buttons|Soft & Skin Friendly| Absorbent,Babyhug,Diapering,Cloth Diapers/ Nappies,0 to 6 M,3599.0,63.0,1331.63,0.0,86,3.67,8,3.67,True,31.795321637426902,0.4327485380116959,healthy,0.5029239766081871,61
Bella Baby Happy Diapers Extra Small - 24 Pieces,Bella,Diapering,Baby Diapers,New Born (NB/XS),562.0,28.0,404.64,16.86,98,4.05,172,4.05,False,-0.9004237288135606,0.2457627118644068,moderate,0.6610169491525424,4
Pampers All round Protection Diaper Pants with Anti-rash blanket Medium (M) Size - 24 Pieces,Pampers,Diapering,Baby Diapers,Medium,374.0,12.0,329.12,13.71,320,4.24,6996,4.24,False,-16.90042372881356,0.4819915254237288,healthy,0.5402542372881356,85
Bambo Nature Eco Friendly Pant Diapers with Wetness Indicator XXL Size Pack Of 3 - 54 Pieces,Bambo Nature,Diapering,Baby Diapers,XXL,3597.0,4.0,3453.12,63.95,502,4.1,0,4.1,True,-24.90042372881356,0.5741525423728814,healthy,0.9872881355932204,38
Babyhug Smart Dry Bed Protector Sheet Pack of 2 Small- Blue & Purple,Babyhug,Diapering,Diaper Changing Pads/Mats,L 50 x B 70 cm,389.0,38.0,241.18,0.0,3746,4.35,93,4.35,False,5.925925925925924,0.9259259259259259,healthy,0.5061728395061729,30
Babyoye Air Soft Premium Pant Style Diapers New Born - 24 Pieces | All Night Dryness | Prevents Diaper Rash | Upto 12 Hr Leakage Protection | Super Soft & Comfy | Quick Absorption,Babyoye,Diapering,Baby Diapers,New Born,449.0,50.0,224.5,9.35,623,4.17,290,4.17,False,21.09957627118644,0.6175847457627118,healthy,0.20127118644067796,11
MamyPoko Extra Absorb Pant Style Diapers XXLarge - 7 Pieces,MamyPoko,Diapering,Baby Diapers,XXL,187.0,29.0,133.44,19.06,9056,4.41,1381,4.41,False,0.09957627118643941,0.9110169491525424,healthy,0.7266949152542372,65
"R for Rabbit Caramello Tote Baby Diaper Bag with Changing Mat for Mother, Waterproof, Large Capacity Multifunctional Maternity Nursing Travel Hand Bag with Sling for Moms (Beige)",R for Rabbit,Diapering,Diaper Bag & Backpacks,L 35 x B 18 x H 34 cm,2592.0,22.0,2029.8,0.0,358,4.73,39,4.73,False,-11.716216216216218,0.8243243243243243,healthy,0.5067567567567568,12
"Babyhug 3-in-1 Baby Diaper Bag Backpack - Purple | Tote, Sling & Backpack Modes | Insulated Bottle Pockets | Spacious & Waterproof | Stroller Friendly",Babyhug,Diapering,Diaper Bag & Backpacks,L 37 x B 15.5 x H 30 cm,2199.0,28.0,1583.28,0.0,42,4.33,45,4.33,False,-5.716216216216218,0.43243243243243246,healthy,0.5067567567567568,15
Mi Arcus Potty Training Seat with Lights & Disposable Bags Included - Cream,Mi Arcus,Diapering,Potty Training,L 32  x B 28 x H 16 cm,2999.0,18.0,2459.18,0.0,77,5.0,1,5.0,True,-12.582278481012658,0.3037974683544304,healthy,0.5063291139240507,1
"Milk Baby Diaper Flexi Tape , Size L - 36 Pcs, 9 To 17 KG",Milk,Diapering,Baby Diapers,L,1499.0,0.0,1499.0,1499.0,67,4.43,0,4.43,False,-28.90042372881356,0.1832627118644068,moderate,0.9989406779661016,6
"Pampers Complete Skin Comfort Pants, Anti-rash blanket, Lotion with Vitamin E & Aloe Vera, Extra Large size baby Diapers Pants Extra Extra Extra Large (XXXL) 10 Pieces, 16 to 30 kg",Pampers,Diapering,Baby Diapers,XXXL,425.0,12.0,374.0,37.4,1450,4.24,6996,4.24,False,-16.90042372881356,0.7478813559322034,healthy,0.9046610169491526,85
"R for Rabbit Waterproof Quick Dry Sheet Bliss for Baby | Anti-Piling Fleece Breatheable Fabric Extra Absorbent Instant Dry Baby Bed/Cot Protector Mat (Size-S,Purple)",R for Rabbit,Diapering,Diaper Changing Pads/Mats,L 50 x B 70 cm,198.0,7.0,183.96,0.0,156,4.41,10,4.41,False,-25.074074074074076,0.43209876543209874,healthy,0.5061728395061729,14
Babyhug Teddy Buddy Potty Chair with Potty  Training Seat - Blue Dark Pink| with Backrest| Removable Bowl| Splash Guard| Easy Clean Design,Babyhug,Diapering,Potty Training,37 x 32 x 27.5 cm,1395.0,46.0,753.3,0.0,348,4.38,98,4.38,False,15.417721518987342,0.6708860759493671,healthy,0.5063291139240507,24
"Pampers Complete Skin Comfort Pants (SM), 52 Count, 4-8 kg, Anti-rash blanket, 360 degree Lotion with Aloe Vera",Pampers,Diapering,Baby Diapers,Small,749.0,1.0,745.03,14.33,472,4.24,6996,4.24,False,-27.90042372881356,0.5614406779661016,healthy,0.5635593220338984,85
SuperBottoms DryFeel Langot for 0-9M Babies | 100% Cotton Padding | Day Dreamer (Old Version) | Pack of 6 |5-10kg,SuperBottoms,Diapering,Cloth Diapers/ Nappies,5-10kg,1194.0,25.0,898.96,0.0,19,4.15,29,4.15,False,-6.204678362573098,0.10818713450292397,moderate,0.5029239766081871,87
Himalaya Babycare Nature Touch Water Unscented Baby Wipes Pack of 2 - 72 pieces each,Himalaya Babycare,Diapering,Baby Wipes,Pack of 2,500.0,0.0,500.0,0.0,46,4.42,8,4.42,False,-30.03488372093023,0.03488372093023256,low,0.5058139534883721,5
BABY FOREST Neer 99.9% Water Baby Wipes - 72 Wipes,BABY FOREST,Diapering,Baby Wipes,Pack Of 1,449.0,5.0,426.55,0.0,126,4.49,11,4.49,False,-25.03488372093023,0.20930232558139536,moderate,0.5058139534883721,6
"SuperBottoms Freesize UNO Cloth Diaper | 3M - 3Y | Reusable, Absorbs 4-5 Pees - Pack of 4 with dry feel pad (Pad's color and design may vary) | Fits 7-17 Kg",SuperBottoms,Diapering,Cloth Diapers/ Nappies,Pack of 4,3560.0,45.0,1969.04,0.0,15,4.12,1,4.12,True,13.795321637426902,0.08771929824561403,low,0.5029239766081871,87
Baby Diaper Changing Waterproof Mat Happy Day Square Print With PVC Material -Blue,Fab N Funky,Diapering,Diaper Changing Pads/Mats,L 58 x B 44 cm,249.0,32.0,170.32,0.0,84,4.32,151,4.32,False,-0.07407407407407618,0.29012345679012347,moderate,0.5061728395061729,5
Wowper Fresh Baby Diaper Pants By DOMS | Wetness Indicator| Upto 12 Hrs Absorption | 4-8 Kg | S  (68 Pieces),Wowper,Diapering,Baby Diapers,Small,795.0,42.0,461.1,6.78,1051,4.05,1154,4.05,False,13.09957627118644,0.701271186440678,healthy,0.02754237288135593,18
Babyhug Premium Potty Seat - Pink,Babyhug,Diapering,Potty Training,31 x 28 x 8.5 cm,745.0,33.0,499.15,0.0,1033,4.16,127,4.16,False,2.417721518987342,0.8860759493670886,healthy,0.5063291139240507,24
Moms Home Baby Organic Cotton Diaper Carry Bag For Mothers | Car | Pack of 1,Mom's Home,Diapering,Diaper Bag & Backpacks,L 47 X B 25 X H 20 CM,2799.0,64.0,1007.64,0.0,25151,4.34,3,4.34,False,30.283783783783782,1.0,healthy,0.5067567567567568,2
Honey Bunny Premium Pant Style Diaper (XXXL) - 24 Pieces,Honey Bunny,Diapering,Baby Diapers,XXXL,1399.0,51.0,678.93,28.29,33,4.28,2,4.28,False,22.09957627118644,0.11440677966101695,moderate,0.8728813559322034,9
"Milk Baby Diaper Flexi Tape , Size S - 48 Pcs, 4 To 8 kg",Milk,Diapering,Baby Diapers,Small,1499.0,1.0,1484.01,30.92,102,5.0,0,5.0,False,-27.90042372881356,0.2616525423728814,moderate,0.8834745762711864,6
Bambo Nature XX Large Size Tape Diapers with Wetness Indicator - 20 Pieces,Bambo Nature,Diapering,Baby Diapers,XX Large,1199.0,2.0,1175.02,58.75,40,4.0,0,4.0,False,-26.90042372881356,0.13665254237288135,moderate,0.9713983050847458,38
"LuvLap Pant Style Baby Diapers, Large (LG), Pack of 3, 186 Pants, Aloe Vera Lotion, 12hr Protection, White",LuvLap,Diapering,Baby Diapers,Large,2997.0,36.0,1909.09,10.26,29,4.15,246,4.15,True,7.099576271186439,0.10063559322033898,moderate,0.2807203389830508,27
SuperBottoms First Love Premium DryFeel Langot for 0-9M Babies |100% Cotton Padding | Printed | Pack of 3 | 0-5Kg,SuperBottoms,Diapering,Cloth Diapers/ Nappies,0-5kg,597.0,21.0,469.0,0.0,29,3.81,340,3.81,False,-10.204678362573098,0.17543859649122806,moderate,0.5029239766081871,87
SuperBottoms Padded Underwear for 2-3Y Babies | Potty Training Pants with Dry Feel Layer Inside | Bummy World | Pack of 3 | Size 2,SuperBottoms,Diapering,Cloth Diapers/ Nappies,2-3Y,899.0,11.0,799.03,0.0,45,3.57,117,3.57,False,-20.204678362573098,0.2543859649122807,moderate,0.5029239766081871,87
Mother Sparsh Baby Natural Care Baby Diaper Rash Cream- 50 g | Diaper Rash Cream for Babies with Chamomile | Shea Butter & Zinc Oxide | Protects & Soothes Newborn Sensitive Skin,Mother Sparsh Baby,Diapering,Diaper Rash Cream,50 g,275.0,25.0,206.99,0.0,286,4.41,3,4.41,False,14.666666666666666,0.4,healthy,0.5333333333333333,1
Pampers All round Protection Diaper Pants with Anti-rash blanket New Born (NB) Size- 37 Pieces,Pampers,Diapering,Baby Diapers,New Born,374.0,12.0,329.12,8.9,320,4.24,6996,4.24,False,-16.90042372881356,0.4819915254237288,healthy,0.1684322033898305,85
SuperBottoms Padded Underwear for 3-4Y Babies | Potty Training Pants with Dry Feel Layer Inside | Garden Green | Pack of 3 | Size 3,SuperBottoms,Diapering,Cloth Diapers/ Nappies,3-4Y,899.0,11.0,799.03,0.0,257,3.57,117,3.57,False,-20.204678362573098,0.7719298245614035,healthy,0.5029239766081871,87
Bambo Nature Eco Friendly Pant Diapers with Wetness Indicator XXLarge Pack of 5 - 18 Pieces Each,Bambo Nature,Diapering,Baby Diapers,XXL,5995.0,5.0,5695.25,63.28,19,4.1,0,4.1,True,-23.90042372881356,0.0635593220338983,low,0.9851694915254238,38
SuperBottoms Padded Underwear for 3-4Y Babies | Potty Training Pants with Dry Feel Layer Inside | Multicolor | Pack of 3 | Size 3,SuperBottoms,Diapering,Cloth Diapers/ Nappies,3-4Y,899.0,11.0,799.03,0.0,192,3.57,117,3.57,False,-20.204678362573098,0.695906432748538,healthy,0.5029239766081871,87
R for Rabbit Tiny Tots Mellow Potty Seat Multipurpose 3 in 1 Convertible Potty Training Removable Bowl Anti-Slip Pads Detachable & Hangable Seat - Yellow & Blue,R for Rabbit,Diapering,Potty Training,L 28 x B 34 x H 19 cm,1098.0,17.0,911.01,0.0,17,4.18,3,4.18,False,-13.582278481012658,0.08860759493670886,low,0.5063291139240507,23
Babyhug Cotton Diaper Changing Mat Pack of 2 - Navy Blue & White,Babyhug,Diapering,Diaper Changing Pads/Mats,L 83 x B 83 cm,1279.0,33.0,856.93,0.0,177,4.37,107,4.37,True,0.9259259259259238,0.49382716049382713,healthy,0.5061728395061729,30
Babyhug Happy Day Print Potty Seat with Handle - Purple,Babyhug,Diapering,Potty Training,L 41 x B 37 x H 16.5 cm,525.0,5.0,498.75,0.0,2174,4.06,20,4.06,False,-25.582278481012658,0.9873417721518988,healthy,0.5063291139240507,24
SuperBottoms Padded Underwear for 9-12M Babies | Potty Training Pants with Dry Feel Layer Inside | Lil Explorers Club | Pack of 3 | Size 0,SuperBottoms,Diapering,Cloth Diapers/ Nappies,9-12M,879.0,9.0,799.01,0.0,56,3.57,117,3.57,False,-22.204678362573098,0.27485380116959063,moderate,0.5029239766081871,87
"R for Rabbit Waterproof Quick Dry Sheet for Baby | Anti-Piling Fleece Breatheable Fabric Extra Absorbent Instant Dry Baby Bed/Cot Protector Mat (Size-S,Green-Grey,Pack Of 2 Combo)",R for Rabbit,Diapering,Diaper Changing Pads/Mats,L 70 x B 50 cm,396.0,23.0,305.91,0.0,102,4.5,47,4.5,False,-9.074074074074076,0.35185185185185186,healthy,0.5061728395061729,14
SuperBottoms Reusable Stay Dry Cloth Diaper Fleece Liners Pack of 3 - Multicolor Freesize,SuperBottoms,Diapering,Cloth Diapers/ Nappies,Pack of 3,199.0,23.0,152.99,0.0,96,3.45,31,3.45,False,-8.204678362573098,0.4824561403508772,healthy,0.5029239766081871,87
"WaterWipes (Made in Ireland) Baby wipes, Pack of 2 (120 wipes), For sensitive skin, World's Purest Wipes (Imported),  Just 2 ingredients, Certified by Allergy UK and Eczema association",Water Wipes,Diapering,Baby Wipes,Pack of 2,1589.0,43.0,897.94,0.0,9866,4.36,1,4.36,True,12.965116279069768,0.7209302325581395,healthy,0.5058139534883721,6
Baby Ladder Potty Seat - White,Fab N Funky,Diapering,Potty Training,L 40 x B 31.5 x H 64 cm,1795.0,44.0,1005.2,0.0,413,3.91,14,3.91,False,13.417721518987342,0.7215189873417721,healthy,0.5063291139240507,17
Mylo Baby Diaper Pants Medium M Size 7-12 kgs with ADL Technology - 76 Count - 12 Hours Protection,Mylo,Diapering,Baby Diapers,Medium,934.0,20.0,747.2,9.83,1935,3.9,167,3.9,False,-8.90042372881356,0.7796610169491526,healthy,0.2478813559322034,13
Babyhug Cow Potty Chair - Pink (Accessories color may vary),Babyhug,Diapering,Potty Training,L 28 x B 20 x H 23 cm,1595.0,43.0,909.15,0.0,202,4.29,48,4.29,False,12.417721518987342,0.5316455696202531,healthy,0.5063291139240507,24
R for Rabbit Minimo Potty Seat Potty Training Seat Hang on the wall for New Born Baby/Infant/Kids (Grey),R for Rabbit,Diapering,Potty Training,L 36 x B 30 x H 10 cm,1395.0,27.0,1015.84,0.0,44,4.48,27,4.48,False,-3.582278481012658,0.1518987341772152,moderate,0.5063291139240507,23
TONY STARK Big Size Non Woven Baby Diaper Storage Organizer Nappies Bag For Mother Stylish Storage Bag For diapers & wipes | baby shower gift | new born essentials - Nursery Basket (Brown),Tony Stark,Diapering,Diaper Bag & Backpacks,38*26*18 cm,1999.0,66.0,679.66,0.0,2259,4.16,3,4.16,False,32.28378378378378,0.972972972972973,healthy,0.5067567567567568,3
"Bumtum Baby Diaper Pants with Double Layer Leakage Protection Infused With Aloe Vera, Cottony Soft High Absorb Technology  Medium - 72 Pieces",Bumtum,Diapering,Baby Diapers,Medium,1170.0,44.0,654.97,9.1,34,3.76,32,3.76,False,15.09957627118644,0.11758474576271187,moderate,0.18008474576271186,2
Babyhug Duckling Potty chair with Music - Blue,Babyhug,Diapering,Potty Training,L 42 x B 29 x H 33 cm,1295.0,27.0,945.35,0.0,3617,4.17,156,4.17,False,-3.582278481012658,1.0,healthy,0.5063291139240507,24
SuperBottoms First Love Premium DryFeel Langot for 0-9M Babies |100% Cotton Padding | Printed | Pack of 3 | 5-10Kg,SuperBottoms,Diapering,Cloth Diapers/ Nappies,5-10kg,597.0,21.0,469.0,0.0,126,3.81,340,3.81,False,-10.204678362573098,0.5760233918128655,healthy,0.5029239766081871,87
"Little's Premium Baby Diapers XL Size (Extra Large) Pants Style | 12-17 kg | 54 Count | Super Jumbo FluffySoft Baby Diaper with Leakage Guard, Wetness Indicator & 12 Hours Absorption",Little's,Diapering,Baby Diapers,XL,720.0,10.0,649.01,12.02,381,3.94,1009,3.94,False,-18.90042372881356,0.5190677966101694,healthy,0.4279661016949153,10
SuperBottoms Padded Underwear for 1-2Y Babies | Potty Training Pants with Dry Feel Layer Inside | Bummy's Day Out (Color may vary Slightly) | Pack of 3 | Size 1,SuperBottoms,Diapering,Cloth Diapers/ Nappies,10 to 12.5 kg,897.0,11.0,798.96,0.0,175,3.57,117,3.57,False,-20.204678362573098,0.6578947368421053,healthy,0.5029239766081871,87
"R for Rabbit Minimo Teddy Potty Seat for Kids Anti Slip BPA Free with Soft Cushion, Universal Fit Portable Potty Training Seat for Infant Weight Up to 40Kgs 1 to 7 Years (Green Yellow)",R for Rabbit,Diapering,Potty Training,L 32.5 x B 36.5 x H 21 cm,999.0,19.0,807.99,0.0,63,4.22,16,4.22,False,-11.582278481012658,0.25316455696202533,moderate,0.5063291139240507,23
Mylo Baby Diaper Pants Small (S) Size ADL Technology 12 Hours Protection Pack of 4 - 168 Pieces,Mylo,Diapering,Baby Diapers,Small,1868.0,28.0,1344.96,8.01,1192,3.9,167,3.9,True,-0.9004237288135606,0.722457627118644,healthy,0.09957627118644068,13
Bonfino Bambino Luxe Smart Multipurpose Diaper Backpack with Diaper Changing Mat| Adjustable Padded Shoulder Strap| Insulated Bottle Pouches| Secret Back Pouch | Capacity- 18L -  Olive Green,Bonfino,Diapering,Diaper Bag & Backpacks,L 27 x B 14.5 x H 36 cm,3799.0,41.0,2241.41,0.0,723,4.16,6,4.16,False,7.283783783783782,0.8648648648648649,healthy,0.5067567567567568,3
SuperBottoms Dry Feel Magic Pad Cloth diaper soakers inserts for Freesize UNO Cloth Diaper Pack of 2 - White,SuperBottoms,Diapering,Cloth Diapers/ Nappies,L 11.22 x B 11.8 x H 0.2 cm,478.0,23.0,366.0,0.0,253,4.14,7,4.14,False,-8.204678362573098,0.7660818713450293,healthy,0.5029239766081871,87
"LuvLap Trainer Potty Seat with Ladder, Fits Standard Toilets, Potty Training for Boys & Girls 1+ Years, Safe & Easy Use, Yellow & Blue",LuvLap,Diapering,Potty Training,L 36 x B 23 x H 47,1395.0,28.0,998.96,0.0,34,3.67,11,3.67,False,-2.582278481012658,0.11392405063291139,moderate,0.5063291139240507,6
SuperBottoms UNO Luxe Cloth Diaper with Velcro Closure & DryFeel magic Pad + Booster Pad | For Babies 3M-3Y | Reusable Washable Cloth Diaper,SuperBottoms,Diapering,Cloth Diapers/ Nappies,7-17kg,1089.0,19.0,880.78,0.0,71,4.27,15,4.27,False,-12.204678362573098,0.3391812865497076,healthy,0.5029239766081871,87
Bambo Nature Eco Friendly Tape Diapers with Wetness Indicator XX Large Pack of 6 - 20 Pieces Each,Bambo Nature,Diapering,Baby Diapers,XX Large,7194.0,5.0,6834.3,56.95,34,4.0,0,4.0,True,-23.90042372881356,0.11758474576271187,moderate,0.9565677966101694,38
"LuvLap Instadry Waterproof Baby Dry Sheet 2-Pack, Medium 70x100 cm (28x39 inch), Extra Absorbent Quick Dry Sheet, Bed Protector, Sky Blue & Baby Pink",LuvLap,Diapering,Diaper Changing Pads/Mats,L 100 x B 70 cm,598.0,37.0,379.01,0.0,447,4.26,16,4.26,False,4.925925925925924,0.5679012345679012,healthy,0.5061728395061729,15
SuperBottoms Newborn UNO Premium Cloth Diaper with Absorbent Insert (0 to 3M) - Cherry Blossom,SuperBottoms,Diapering,Cloth Diapers/ Nappies,2.5 - 7kg,799.0,47.0,424.99,0.0,146,4.03,6,4.03,False,15.795321637426902,0.6198830409356725,healthy,0.5029239766081871,87
Honor Your Home 100% Cotton Muslin (6 Layer) Nappy Set Small Pack Of 3 - White,Honor Your Home,Diapering,Cloth Diapers/ Nappies,S,849.0,33.0,566.03,0.0,824,3.51,10,3.51,False,1.7953216374269019,0.8947368421052632,healthy,0.5029239766081871,1
"Pampers Complete Skin Comfort Pants (LG) 36 Count, 9-14 kg, Anti-rash blanket, 360 degree Lotion with Aloe Vera",Pampers,Diapering,Baby Diapers,Large,840.0,0.0,835.97,23.22,205,4.24,6996,4.24,False,-28.90042372881356,0.3855932203389831,healthy,0.8283898305084746,85
Babyhug Muslin Cloth Nappy Set of 12 Extra Small - Multicolor,Babyhug,Diapering,Cloth Diapers/ Nappies,NB,945.0,31.0,652.05,0.0,1465,4.46,58,4.46,False,-0.20467836257309813,0.9415204678362573,healthy,0.5029239766081871,61
"SuperBottoms BASIC Reusable Cloth Diaper for 3M-3Y Babies| Freesize Adjustable, Washable and Reusable Cloth Diaper for babies | Outer Shell only | (No inserts included) - Pack of 5 | Fits 5-17 kg",SuperBottoms,Diapering,Cloth Diapers/ Nappies,Pack of 5 (Shell Only),2495.0,56.0,1099.05,0.0,218,2.91,18,2.91,True,24.795321637426902,0.7192982456140351,healthy,0.5029239766081871,87
SuperBottoms Padded Underwear for 1-2Y Babies | Potty Training Pants with Dry Feel Layer Inside | Garden Green | Pack of 3 | Size 1,SuperBottoms,Diapering,Cloth Diapers/ Nappies,1-2Y,899.0,11.0,799.03,0.0,130,3.57,117,3.57,False,-20.204678362573098,0.5935672514619883,healthy,0.5029239766081871,87
"Milk Baby Diaper Yoga Pants, Size M - 42 Pcs, 6 To 11 kg",Milk,Diapering,Baby Diapers,Medium,1499.0,1.0,1484.01,35.33,10,4.67,2,4.67,False,-27.90042372881356,0.037076271186440676,low,0.9014830508474576,6
"R for Rabbit Tiny Tots Dino Potty Seat for Kids |Comfortable Potty Training with Removable Bowl, Anti-Slip Pads & Ergonomic Design |Suitable for Babies & Toddler - White & Blue",R for Rabbit,Diapering,Potty Training,L 36 x B 30 x H 27 cm,1395.0,19.0,1125.9,0.0,45,3.91,1,3.91,False,-11.582278481012658,0.16455696202531644,moderate,0.5063291139240507,23
Infantso NORA 3-in-1 Baby Potty Ladder Seat for Kids 1-5 Years -Blue,Infantso,Diapering,Potty Training,L 35 x B 19 x H 45 cm,2799.0,43.0,1592.91,0.0,148,4.24,12,4.24,True,12.417721518987342,0.46835443037974683,healthy,0.5063291139240507,2
Babyhug Cotton Cloth Nappy Set of 5 Small - White,Babyhug,Diapering,Cloth Diapers/ Nappies,Small,579.0,31.0,399.51,0.0,18,4.31,37,4.31,False,-0.20467836257309813,0.09941520467836257,low,0.5029239766081871,61
Mamy Poko Pants Skin Breathe Care NB -148 Pieces,MamyPoko,Diapering,Baby Diapers,New Born,2349.0,45.0,1287.96,8.7,216,4.4,1737,4.4,True,16.09957627118644,0.3983050847457627,healthy,0.1461864406779661,65
SuperBottoms Padded Underwear for 9-12M Babies | Potty Training Pants with Dry Feel Layer Inside | Explorer | Pack of 3 | Size 0,SuperBottoms,Diapering,Cloth Diapers/ Nappies,9-12M,899.0,11.0,799.03,0.0,73,3.57,117,3.57,False,-20.204678362573098,0.34502923976608185,healthy,0.5029239766081871,87
BABY FOREST Mulmul Baby Wipes Ultra-soft Water based Wipes - 72 Wipes,BABY FOREST,Diapering,Baby Wipes,Pack Of 1,399.0,5.0,379.05,0.0,127,4.53,10,4.53,False,-25.03488372093023,0.22093023255813954,moderate,0.5058139534883721,6
BABY FOREST Mulmul Baby Wipes Ultra Soft Water Based Wipes 72 Wipes Each - Pack of 2,BABY FOREST,Diapering,Baby Wipes,Pack of 2,798.0,25.0,598.5,0.0,650,4.53,10,4.53,True,-5.034883720930232,0.4418604651162791,healthy,0.5058139534883721,6
Babyhug Muslin Cotton Dyed Printed Cloth Nappies Extra Small Set of 5 - Multicolour,Babyhug,Diapering,Cloth Diapers/ Nappies,XS,549.0,31.0,378.81,0.0,11,4.25,60,4.25,False,-0.20467836257309813,0.04678362573099415,low,0.5029239766081871,61
Babyoye Air Soft Premium Pant Style Diapers Large - 20 Pieces | All Night Dryness | Prevents Diaper Rash | Upto 12 Hr Leakage Protection | Super Soft & Comfy | Quick Absorption,Babyoye,Diapering,Baby Diapers,Large,599.0,38.0,371.38,18.57,850,4.17,290,4.17,False,9.09957627118644,0.6567796610169492,healthy,0.7055084745762712,11
"LuvLap Instadry Waterproof Baby Dry Sheet 2-Pack, Small  50x70 cm (20x28 inch), Extra Absorbent Quick Dry Sheet, Bed Protector, Maroon & Navy Blue",LuvLap,Diapering,Diaper Changing Pads/Mats,L 50 x B 70 cm,358.0,44.0,199.01,0.0,556,4.14,104,4.14,False,11.925925925925924,0.6666666666666666,healthy,0.5061728395061729,15
Chicco Wet Wipes Flip Top 216 Pcs (72Pc x 3 Packs),Chicco,Diapering,Baby Wipes,Pack of 3,349.0,20.0,279.2,0.0,173,4.1,2,4.1,False,-10.034883720930232,0.26744186046511625,moderate,0.5058139534883721,4
Babyhug Muslin Cloth Nappy Set of 5 Extra Small - White,Babyhug,Diapering,Cloth Diapers/ Nappies,Extra Small,415.0,31.0,286.35,0.0,1134,4.37,208,4.37,False,-0.20467836257309813,0.935672514619883,healthy,0.5029239766081871,61
Babyhug Muslin Cotton Reusable Velcro Printed Cloth Nappies Large Set of 12 - Multicolor,Babyhug,Diapering,Cloth Diapers/ Nappies,Large,1699.0,33.0,1138.33,0.0,30,3.96,68,3.96,True,1.7953216374269019,0.18128654970760233,moderate,0.5029239766081871,61
Babyhug Diaper Pail with Odor Lock Technology & Refill Bag - Capacity - 16L ,Babyhug,Diapering,Diaper Bag & Backpacks,L 24.5 x B 21 x H 46.5 cm,3599.0,33.0,2411.33,0.0,71,3.72,8,3.72,False,-0.7162162162162176,0.5675675675675675,healthy,0.5067567567567568,15
Babyhug Free Size Reusable Cloth Diaper With Inserts & Contrast Flap Pack of 5 - Multicolour,Babyhug,Diapering,Cloth Diapers/ Nappies,3 to 24 M,1999.0,43.0,1139.43,0.0,529,3.61,46,3.61,True,11.795321637426902,0.8654970760233918,healthy,0.5029239766081871,61
"Huggies Natural Soft Premium Tape Diapers Medium (M) Size, 7-12 kgs 26 Count | Our No.1 Soft Taped Diaper with Cloud Soft Bed & Runny Poo Absorption",Huggies,Diapering,Baby Diapers,Medium,549.0,24.0,415.04,15.96,527,4.48,150,4.48,False,-4.900423728813561,0.5826271186440678,healthy,0.6313559322033898,77
"LuvLap Aloe Vera Baby Wipes, Paraben-Free, Soft & Gentle, 72/Pack, Pack of 6  Green",LuvLap,Diapering,Baby Wipes,Pack Of 6,594.0,41.0,348.98,0.0,78,4.22,22,4.22,True,10.965116279069768,0.12790697674418605,moderate,0.5058139534883721,7
Himalaya Babycare Natural Touch Water & Coconut Oil Baby Wipes - 72 Pieces,Himalaya Babycare,Diapering,Baby Wipes,72 Pieces,250.0,0.0,250.0,0.0,201,4.43,10,4.43,False,-30.03488372093023,0.3023255813953488,healthy,0.5058139534883721,5
Mamaya Baby Diaper L-62 Pieces,Mamaya,Diapering,Baby Diapers,Large,999.0,36.0,639.06,10.31,823,3.72,52,3.72,False,7.099576271186439,0.6546610169491526,healthy,0.288135593220339,2
"Little's Premium Baby Diapers XL Size (Extra Large) Pants Style | 12-17 kg | 96 Count | FluffySoft Baby Diaper with Leakage Guard, Wetness Indicator & 12 Hours Absorption | (24 Count, Pack of 4)",Little's,Diapering,Baby Diapers,XL,1520.0,23.0,1164.93,12.13,59,3.94,1009,3.94,False,-5.900423728813561,0.1641949152542373,moderate,0.4364406779661017,10
SuperBottoms First Love Premium DryFeel Langot for 0-9M Babies | 100% Cotton Padding | Printed | Pack of 3 | 5-10 kg | Size L,SuperBottoms,Diapering,Cloth Diapers/ Nappies,5-10kg,597.0,21.0,469.0,0.0,85,4.14,72,4.14,False,-10.204678362573098,0.41812865497076024,healthy,0.5029239766081871,87
"LuvLap Pant Style Baby Diapers, Medium (M), 36 Count, Aloe Vera Lotion, 12hr Protection, White",LuvLap,Diapering,Baby Diapers,Medium,499.0,30.0,350.0,9.72,88,4.15,246,4.15,False,1.0995762711864394,0.2277542372881356,moderate,0.23516949152542374,27
Foldable Potty Chair - Blue,Fab N Funky,Diapering,Potty Training, L 24 x B 24 x H 17 cm,1445.0,33.0,968.15,0.0,521,3.62,6,3.62,False,2.417721518987342,0.759493670886076,healthy,0.5063291139240507,17
Babyhug Baby Wipes Warmer with LED Display - Green,Babyhug,Diapering,Baby Wipes,L 23.5 x B 15.5 x H 11 cm,3199.0,41.0,1887.41,0.0,1485,2.82,7,2.82,True,10.965116279069768,0.5116279069767442,healthy,0.5058139534883721,18
Bambo Nature Extra Large Size Tape Diapers with Wetness Indicator - 22 Pieces,Bambo Nature,Diapering,Baby Diapers,XL,1199.0,2.0,1175.02,53.41,9,5.0,0,5.0,False,-26.90042372881356,0.029661016949152543,low,0.9533898305084746,38
Tinycare Velcro Closure Nappy Small Multicolor - Set Of 5,Tinycare,Diapering,Cloth Diapers/ Nappies,Small,427.0,10.0,384.3,0.0,1,3.96,20,3.96,False,-21.204678362573098,0.008771929824561403,low,0.5029239766081871,5
"LuvLap Pant Style Baby Diapers, Large (L), 32 Count, Aloe Vera Lotion, 12hr Protection, White",LuvLap,Diapering,Baby Diapers,Large,499.0,31.0,346.01,10.81,104,4.15,246,4.15,False,2.0995762711864394,0.2669491525423729,moderate,0.3326271186440678,27
"Little's Premium Baby Diapers M Size (Medium) Pants Style | 7-12 kg | 72 Count | Super Jumbo FluffySoft Baby Diaper with Leakage Guard, Wetness Indicator & 12 Hours Absorption",Little's,Diapering,Baby Diapers,Medium,720.0,2.0,705.6,9.8,96,3.94,1009,3.94,False,-26.90042372881356,0.24046610169491525,moderate,0.24470338983050846,10
SuperBottoms 99% Pure Water Baby Wipes - Skin-Friendly 5.5 pH Formula - Safe Wipes for Newborn - (72 pc x 5),SuperBottoms,Diapering,Baby Wipes,Pack of 5,1495.0,62.0,561.07,0.0,159,4.44,3,4.44,True,31.96511627906977,0.2558139534883721,moderate,0.5058139534883721,1
Bambo Nature Pant Diapers with Wetness Indicator XX Large Size - 18 Pieces,Bambo Nature,Diapering,Baby Diapers,XXL,1199.0,2.0,1175.02,65.28,20,4.1,0,4.1,False,-26.90042372881356,0.06885593220338983,low,0.989406779661017,38
"Little's Baby Diapers L Size (Large) Pants Style | 9-14 kg | 90 Count | Comfy Night Baby Diaper Pants with Leakage Guard & Upto 12 Hours Absorption (30 Count, Pack of 3)",Little's,Diapering,Baby Diapers,Large,771.0,24.0,584.11,6.49,1,3.71,69,3.71,False,-4.900423728813561,0.00211864406779661,low,0.012711864406779662,10
Babyhug Folding Potty Seat for Toddlers - Owl Design| Portable & Convenient Design| Easy to Carry & Store| Comfortable Seating| Ideal for Potty Training| Poly Bags for Hygienic Disposal,Babyhug,Diapering,Potty Training,L 27 x B 25 x H 19 cm,1595.0,45.0,877.25,0.0,248,5.0,0,5.0,False,14.417721518987342,0.6329113924050633,healthy,0.5063291139240507,24
"Little's Soft Cleansing Baby Wipes | 80 Wipes x 3 - 240 Wipes | Extra Thick & Moist Wet Wipes for Baby's | Prevents Rashes & Redness with Goodness of Aloe Vera, Vitamin E & Jojoba Oil",Little's,Diapering,Baby Wipes,Pack of 3,318.0,10.0,286.2,0.0,189,4.31,176,4.31,False,-20.03488372093023,0.29069767441860467,moderate,0.5058139534883721,6
Pampers Happy Sleep Pant Style Baby Diapers Small (S) - 86 Count,Pampers,Diapering,Baby Diapers,Small,869.0,24.0,663.48,7.71,84,5.0,0,5.0,False,-4.900423728813561,0.22245762711864406,moderate,0.07415254237288135,85
"Huggies Complete Comfort Wonder Pants Triple Extra Large (XXXL) Size (17 Kgs+) Baby Diaper Pants, 10 count|5 benefits in 1 diaper| Bubble Bed softness | Upto 12 hour overnight absorption",Huggies,Diapering,Baby Diapers,XXXL,425.0,27.0,310.5,31.05,590,4.2,7501,4.2,False,-1.9004237288135606,0.611228813559322,healthy,0.885593220338983,77
Himalaya Babycare Soft & Gentle Baby Wipes  - 72 Wipes (Buy 3 Get 1 Free - 288 wipes),Himalaya Babycare,Diapering,Baby Wipes,Pack of 4,297.0,0.0,297.0,0.0,33,4.75,0,4.75,False,-30.03488372093023,0.023255813953488372,low,0.5058139534883721,5
Lovingle Luxury Diaper Pants Large - 21 pieces,Pro-ease Lovingle,Diapering,Baby Diapers,Large,399.0,28.0,287.28,13.68,100,4.17,145,4.17,False,-0.9004237288135606,0.2552966101694915,moderate,0.538135593220339,8
Babyhug Printed Free Size Reusable Cloth Diaper with Inserts Pack of 7 - Multicolour,Babyhug,Diapering,Cloth Diapers/ Nappies,0-24 M,5199.0,68.0,1663.68,0.0,82,3.66,24,3.66,True,36.7953216374269,0.38596491228070173,healthy,0.5029239766081871,61
Babyhug Smart Dry Bed Protector Sheet Pack of 2 Medium - Sky Blue Purple,Babyhug,Diapering,Diaper Changing Pads/Mats,Medium,699.0,38.0,433.38,0.0,951,4.46,76,4.46,False,5.925925925925924,0.7407407407407407,healthy,0.5061728395061729,30
SuperBottoms BASIC Double Layered 100% Pure Cotton Langot for Baby Up to 5 kg Weight,SuperBottoms,Diapering,Cloth Diapers/ Nappies,Pack of 10,699.0,50.0,349.01,0.0,12,3.75,10,3.75,False,18.795321637426902,0.06140350877192982,low,0.5029239766081871,87
Babyhug Printed Reusable Cloth Diaper with Square Inserts Pack of 5 Free Size - Multicolor| Washable & Eco-friendly| Adjust to Suit Waist Size|Easy Snap Buttons|Soft & Skin Friendly| Absorbent,Babyhug,Diapering,Cloth Diapers/ Nappies,3 to 36 M,2499.0,54.0,1149.54,0.0,108,3.61,46,3.61,True,22.795321637426902,0.5263157894736842,healthy,0.5029239766081871,61
Huggies Natural Soft Premium Baby Diaper Pants Extra Large - 26 Pieces,Huggies,Diapering,Baby Diapers,XL,795.0,36.0,511.18,19.66,115,4.32,1666,4.32,False,7.099576271186439,0.2817796610169492,moderate,0.739406779661017,77
SuperBottoms Padded Underwear for 9-12M Babies | Potty Training Pants with Dry Feel Layer Inside | Bummy World | Pack of 3 | Size 0,SuperBottoms,Diapering,Cloth Diapers/ Nappies,9-12M,899.0,11.0,799.03,0.0,94,3.57,117,3.57,False,-20.204678362573098,0.47076023391812866,healthy,0.5029239766081871,87
Himalaya Baby Rash Relief Cream With Pure Cow Ghee - 50 g,Himalaya Babycare Ghee,Diapering,Diaper Rash Cream,50 g,200.0,0.0,200.0,0.0,654,4.32,26,4.32,False,-10.333333333333334,0.5333333333333333,healthy,0.5333333333333333,1
"Babyhug 100% Interlock Cotton Double Layer Nappy Rabbit, Rainbow and Flower Print Pack of 6 - Medium Size| Machine Washable| Soft & Skin Friendly| Tie Knot Style",Babyhug,Diapering,Cloth Diapers/ Nappies,6-9M,749.0,34.0,494.34,0.0,76,4.55,4,4.55,False,2.795321637426902,0.36257309941520466,healthy,0.5029239766081871,61
Bambo Nature Eco Friendly Tape Diapers with Wetness Indicator XXS Size Pack Of 3 - 72 Pieces,Bambo Nature,Diapering,Baby Diapers,XXS,5097.0,4.0,4893.12,67.96,1170,4.67,1,4.67,True,-24.90042372881356,0.7161016949152542,healthy,0.9936440677966102,38
"LuvLap Instadry Waterproof Baby Dry Sheet 2-Pack, Medium 70x100 cm (28x39 inch), Extra Absorbent Quick Dry Sheet, Bed Protector, Navy Blue & Sky Blue",LuvLap,Diapering,Diaper Changing Pads/Mats,L 100 x B 70 cm,598.0,37.0,379.01,0.0,235,4.26,16,4.26,False,4.925925925925924,0.5432098765432098,healthy,0.5061728395061729,15
Babyhug Multipurpose Spacious Diaper Backpack Elephant Print - Blue| Adjustable Shoulder Strap| Insulated Bottle Pouches| Smart Bottom Zipper| Wipes Dispenser| Wide Fish-mouth Opening| Stylish Design,Babyhug,Diapering,Diaper Bag & Backpacks,L 26.5 x B 18 x H 41.5 cm,2799.0,30.0,1959.3,0.0,8,4.48,147,4.48,False,-3.7162162162162176,0.14864864864864866,moderate,0.5067567567567568,15
"Babyhug Smart Dry Waterproof Bed Protector Sheet  Small Size Pack of 3-Sky Blue, Pink & Salmon Rose|Soft & Breathable Top Layer|LeakProof Bottom Layer| Hypoallergenic Mattress Protector for 0+ Months",Babyhug,Diapering,Diaper Changing Pads/Mats,L 70 x B 50 cm,579.0,38.0,358.98,0.0,946,4.52,7,4.52,False,5.925925925925924,0.7283950617283951,healthy,0.5061728395061729,30
"WaterWipes (Made in Ireland) Baby wipes, Pack of 4 (240 wipes), For sensitive skin, World's Purest Wipes (Imported),  Just 2 ingredients, Certified by Allergy UK and Eczema association",Water Wipes,Diapering,Baby Wipes,Pack of 4,2699.0,35.0,1758.94,0.0,9949,4.36,1,4.36,True,4.965116279069768,0.7441860465116279,healthy,0.5058139534883721,6
"Little's Soft Cleansing Baby Wipes with Lid | 80 Wipes x Pack of 1 - 80 Wipes | Extra Thick & Moist Wet Wipes for Baby's | Prevents Rashes & Redness with Goodness of Aloe Vera, Vitamin E & Jojoba Oil",Little's,Diapering,Baby Wipes,Pack of 1,116.0,10.0,104.4,0.0,1059,4.44,206,4.44,False,-20.03488372093023,0.47674418604651164,healthy,0.5058139534883721,6
Pampers Happy Sleep Pant Style Baby Diaper 1 Pampers 1 Night Sleep with Anti Rash Shield M - 30 Pieces,Pampers,Diapering,Baby Diapers,Medium,374.0,14.0,321.64,10.72,214,4.09,26,4.09,False,-14.90042372881356,0.3940677966101695,healthy,0.3209745762711864,85
Blushbaby Premium Reusable Cloth Diapers for Babies- Pack Of 2,Blushbaby,Diapering,Cloth Diapers/ Nappies,3 M to 3 Y,999.0,45.0,544.45,0.0,9695,3.62,11,3.62,False,13.795321637426902,1.0,healthy,0.5029239766081871,3
"R for Rabbit Waterproof Quick Dry Sheet for Baby | Anti-Piling Fleece Breatheable Fabric Extra Absorbent Instant Dry Baby Bed/Cot Protector Mat (Size-S,Blue-Grey,Pack of 2 Combo)",R for Rabbit,Diapering,Diaper Changing Pads/Mats,S,396.0,23.0,305.91,0.0,56,4.5,47,4.5,False,-9.074074074074076,0.19753086419753085,moderate,0.5061728395061729,14
"SuperBottoms BASIC Reusable Cloth Diaper for 3M-3Y Babies| Freesize Adjustable, Washable and Reusable Cloth Diaper for babies | Shell with insert | Pack of 7 | Fits 5-17 kg",SuperBottoms,Diapering,Cloth Diapers/ Nappies,5 to 17kg,5243.0,71.0,1498.97,0.0,24,3.65,1,3.65,True,39.7953216374269,0.14035087719298245,moderate,0.5029239766081871,87
"OYO BABY Anti-Piling Fleece Extra Absorbent Instant Dry Sheet, Baby Bed Protector, Waterproof Sheet, Small (70cm x 50cm), Firoza",OYO BABY,Diapering,Diaper Changing Pads/Mats,Small,195.0,25.0,146.25,0.0,2408,4.4,11,4.4,False,-7.074074074074076,0.8641975308641975,healthy,0.5061728395061729,4
Babyoye Air Soft Premium Pant Style Diapers Medium - 22 Pieces | All Night Dryness | Prevents Diaper Rash | Upto 12 Hr Leakage Protection | Super Soft & Comfy | Quick Absorption,Babyoye,Diapering,Baby Diapers,Medium,599.0,13.0,521.13,23.69,1578,4.17,290,4.17,False,-15.90042372881356,0.760593220338983,healthy,0.836864406779661,11
Tidy Sleep Printed Dry Sheet Smart Robot & Bear Goodnight Pack of 2 Large,Tidy Sleep,Diapering,Diaper Changing Pads/Mats,L 70 x B 50 cm,1599.0,47.0,849.07,0.0,474,3.71,1,3.71,True,14.925925925925924,0.6296296296296297,healthy,0.5061728395061729,3
"SuperBottoms Freesize UNO Cloth Diaper (3M - 3Y) Reusable with 1 Dry Feel Pad, Absorbs 4-5 Pees - Cherry Blossom",SuperBottoms,Diapering,Cloth Diapers/ Nappies,Pack of 1,890.0,44.0,499.02,0.0,42,3.84,34,3.84,False,12.795321637426902,0.23391812865497075,moderate,0.5029239766081871,87
Pampers Happy Sleep Pant Style Baby Diapers Medium (M) - 68 Count,Pampers,Diapering,Baby Diapers,Medium,875.0,18.0,715.31,10.52,81,5.0,0,5.0,False,-10.90042372881356,0.21822033898305085,moderate,0.3029661016949153,85
"Motherly Budgetbee Baby Diaper Backpack for Mothers for Travel, Maternity Bag for Newborn Baby, Multiple Pocket Water Resistant Hospital Bag for Mom, Black",Motherly,Diapering,Diaper Bag & Backpacks,L 27 x B 21 x H 42 cm,3999.0,66.0,1378.86,0.0,115,4.42,0,4.42,True,32.28378378378378,0.6621621621621622,healthy,0.5067567567567568,3
Baby Potty Chair Bunny Design - Green,Fab N Funky,Diapering,Potty Training,L 33 x B 27 x H 41.5 cm,2095.0,38.0,1298.9,0.0,235,4.37,15,4.37,False,7.417721518987342,0.6075949367088608,healthy,0.5063291139240507,17
"Little's Premium Baby Diapers M Size (Medium) Pants Style | 7-12 kg | 64 Count | FluffySoft Baby Diaper with Leakage Guard, Wetness Indicator & 12 Hours Absorption | (32 Count, Pack of 2)",Little's,Diapering,Baby Diapers,Medium,760.0,19.0,614.99,9.61,9,3.94,1009,3.94,False,-9.90042372881356,0.029661016949152543,low,0.2277542372881356,10
Babyhug Reusable Cloth Diaper with Contrast Flap and Insert Pack of 10 | Washable & Eco-friendly| Adjust to Suit Waist Size| Easy Snap Buttons| Soft & Skin Friendly| Absorbent Inserts,Babyhug,Diapering,Cloth Diapers/ Nappies,3 to 24 M,3799.0,48.0,1975.48,0.0,236,3.44,6,3.44,True,16.795321637426902,0.7543859649122807,healthy,0.5029239766081871,61
Mothercare Baby  Fragrance Free Wipes Pink - 60 Pieces ,Mothercare Baby,Diapering,Baby Wipes,Pack of 1,179.0,23.0,137.83,0.0,11068,4.3,14,4.3,False,-7.034883720930232,0.7906976744186046,healthy,0.5058139534883721,2
Bambo Nature Eco Friendly Tape Diapers with Wetness Indicator XS  132 Pieces -  Pack of 6,Bambo Nature,Diapering,Baby Diapers,XS,5394.0,5.0,5124.3,38.82,3,4.74,1,4.74,True,-23.90042372881356,0.009533898305084746,low,0.9078389830508474,38
The Moms Co - All Day Baby Wipes (Pack of 8),the moms co.,Diapering,Baby Wipes,Pack of 8,796.0,56.0,350.24,0.0,479,0.0,0,0.0,True,25.96511627906977,0.43023255813953487,healthy,0.5058139534883721,1
"Babyhug 100% Interlock Cotton Double Layer Nappy Rabbit, Rainbow and Flower Print Pack of 12 - Extra Small Size| Machine Washable| Soft & Skin Friendly| Tie Knot Style",Babyhug,Diapering,Cloth Diapers/ Nappies,0-3M,1149.0,33.0,769.83,0.0,20,4.4,3,4.4,False,1.7953216374269019,0.11695906432748537,moderate,0.5029239766081871,61
StarAndDaisy Baby Diaper Bag for Mother Travel Diaper with Laptop Pocket Animal Print - Blue,StarAndDaisy,Diapering,Diaper Bag & Backpacks,27 L x 22 B x 46 H cm,1599.0,31.0,1098.99,0.0,26,3.86,16,3.86,False,-2.7162162162162176,0.30405405405405406,healthy,0.5067567567567568,4
SuperBottoms DryFeel Langot for 0-9M Babies | 100% Cotton Padding | Sweet Tooth (Old Version) | Pack of 6 | 5-10kg,SuperBottoms,Diapering,Cloth Diapers/ Nappies,5-10kg,1194.0,25.0,898.96,0.0,25,4.15,29,4.15,False,-6.204678362573098,0.15204678362573099,moderate,0.5029239766081871,87
R for Rabbit Little Grownup Pixie Potty Seat with Music Comfortable Potty Training Sidekick Ergonomic Backrest Tissue Storage for Baby Infant & Kids - White & Orange,R for Rabbit,Diapering,Potty Training,L 42 x B 31 x H 29 cm,2196.0,21.0,1724.96,0.0,13,4.49,1,4.49,False,-9.582278481012658,0.06329113924050633,low,0.5063291139240507,23
"Babyhug 100% Interlock Cotton Double Layer Nappy Rabbit, Rainbow and Flower Print Pack of 6  Small Size| Machine Washable| Soft & Skin Friendly| Tie Knot Style",Babyhug,Diapering,Cloth Diapers/ Nappies,0-6M,699.0,34.0,461.34,0.0,85,4.25,3,4.25,False,2.795321637426902,0.41812865497076024,healthy,0.5029239766081871,61
"SuperBottoms First Love DryFeel Langot for baby ,100% Cotton Padding, White ,Pack of 6, 5-10kgs",SuperBottoms,Diapering,Cloth Diapers/ Nappies,5-10kg,998.0,21.0,787.02,0.0,126,4.21,24,4.21,False,-10.204678362573098,0.5760233918128655,healthy,0.5029239766081871,87
"StarAndDaisy Potty Seat/Chair for Kids 1-5 Years / 3-In-1 Baby Toilet Training Seat with Anti-Skip Pads, Removable Potty Pot, Potty Training Seat for Baby & Kids (Green-Yellow)",StarAndDaisy,Diapering,Potty Training,L 35 X B 32 cm,2549.0,57.0,1098.87,0.0,150,4.12,13,4.12,True,26.417721518987342,0.4810126582278481,healthy,0.5063291139240507,4
Pampers Taped Diapers Medium - 20 Pieces,Pampers,Diapering,Baby Diapers,Medium,374.0,8.0,344.08,17.2,263,4.16,845,4.16,False,-20.90042372881356,0.4343220338983051,healthy,0.6716101694915254,85
R for Rabbit Little Grownup Pixie Potty Seat with Music Comfortable Potty Training Sidekick Ergonomic Backrest Tissue Storage for Baby Infant & Kids - White & Pink,R for Rabbit,Diapering,Potty Training,L 42 x B 31 x H 29 cm,2196.0,21.0,1741.87,0.0,15,4.49,1,4.49,False,-9.582278481012658,0.0759493670886076,low,0.5063291139240507,23
"R for Rabbit Waterproof Quick Dry Sheet Bliss for Baby | Anti-Piling Fleece Breatheable Fabric Extra Absorbent Instant Dry Baby Bed/Cot Protector Mat (Size-S,Blue-Purple,Pack of 2)",R for Rabbit,Diapering,Diaper Changing Pads/Mats,L 50 x B 70 cm,369.0,17.0,305.38,0.0,69,4.41,10,4.41,False,-15.074074074074076,0.24074074074074073,moderate,0.5061728395061729,14
"LuvLap Diaper Pants XXL, 15-25kg, 24 Count, Baby Diaper Pants, with Aloe Vera Lotion for Rash Protection, upto 12 Hour protection, White",LuvLap,Diapering,Baby Diapers,XXL,499.0,37.0,315.02,13.13,65,4.15,246,4.15,False,8.09957627118644,0.17690677966101695,moderate,0.4978813559322034,27
Lovingle Luxury Baby Diapers Small - 87 pieces,Pro-ease Lovingle,Diapering,Baby Diapers,Small,1399.0,53.0,657.53,7.56,5,4.17,145,4.17,False,24.09957627118644,0.018008474576271187,low,0.0625,8
"LuvLap Supreme Diaper Pants Small (SM) 4-8kg, 78pcs, Aloe Vera, Rash Prevention, 12hr Protection, 5 Layer, Super Light Core, White",LuvLap,Diapering,Baby Diapers,Small,1269.0,27.0,929.03,11.91,72,4.32,91,4.32,False,-1.9004237288135606,0.20127118644067796,moderate,0.423728813559322,27
Babyhug Cow Potty Chair - Peach,Babyhug,Diapering,Potty Training,15 kg,1595.0,43.0,909.15,0.0,1315,4.29,48,4.29,False,12.417721518987342,0.9620253164556962,healthy,0.5063291139240507,24
SuperBottoms Disposable Easy Clean Top Sheets l Diaper Liners l Hypoallergenic l (100 Per Pack) Pack of 2,SuperBottoms,Diapering,Cloth Diapers/ Nappies,100 Per Pack,1098.0,73.0,298.99,0.0,419,3.85,9,3.85,False,41.7953216374269,0.847953216374269,healthy,0.5029239766081871,87
Windmill Baby 100% Natural Bamboo Fragrance-Free & Gentle Dry Wipes- 72 Pieces,Windmill Baby,Diapering,Baby Wipes,Pack of 1,279.0,18.0,229.0,0.0,80,4.48,5,4.48,False,-12.034883720930232,0.13953488372093023,moderate,0.5058139534883721,1
Babyhug Duckling Potty chair with Music -Green,Babyhug,Diapering,Potty Training,L 42 x B 29 x H 33 cm,1295.0,28.0,932.4,0.0,891,4.17,156,4.17,False,-2.582278481012658,0.8607594936708861,healthy,0.5063291139240507,24
"LuvLap Pant Style Baby Diapers, New Born/X-Small (NB/XS), 60 Count, Aloe Vera Lotion, 12hr Protection, White",LuvLap,Diapering,Baby Diapers,NB,629.0,30.0,443.0,7.38,106,4.15,246,4.15,False,1.0995762711864394,0.2711864406779661,moderate,0.05190677966101695,27
SuperBottoms Newborn UNO Premium Cloth Diaper with Absorbent Insert (0 to 3M) - Hunny Bummy,SuperBottoms,Diapering,Cloth Diapers/ Nappies,2.5 - 7kg,799.0,44.0,446.96,0.0,162,4.03,6,4.03,False,12.795321637426902,0.6374269005847953,healthy,0.5029239766081871,87
Allter 99% Water Baby Wipes Regular Pack - 72 Pieces,Allter,Diapering,Baby Wipes,Pack of 1,295.0,33.0,198.0,0.0,138,4.23,2,4.23,False,2.9651162790697683,0.2441860465116279,moderate,0.5058139534883721,1
BABY FOREST Komal Kawach Baby Rash Healing Cream With 8 Herbs & Oils Derma-safe - 100 g,BABY FOREST,Diapering,Diaper Rash Cream,100 g,785.0,5.0,745.75,0.0,115,4.49,2,4.49,True,-5.333333333333334,0.2,moderate,0.5333333333333333,1
Babyhug Reusable Cloth Diaper with Contrast Flap and Insert Pack of 5 | Washable & Eco-friendly| Adjust to Suit Waist Size| Easy Snap Buttons| Soft & Skin Friendly| Absorbent Inserts,Babyhug,Diapering,Cloth Diapers/ Nappies,3 to 24 M,1999.0,48.0,1039.48,0.0,33,3.61,46,3.61,True,16.795321637426902,0.19298245614035087,moderate,0.5029239766081871,61
Himalaya Herbal Diaper Rash Cream - 50 gm,Himalaya Babycare,Diapering,Diaper Rash Cream,50 g,150.0,0.0,150.0,0.0,745,4.48,761,4.48,False,-10.333333333333334,0.6666666666666666,healthy,0.5333333333333333,2
Babyoye Air Soft Premium Pant Style Diapers Small - 21 Pieces | All Night Dryness | Prevents Diaper Rash | Upto 12 Hr Leakage Protection | Super Soft & Comfy | Quick Absorption,Babyoye,Diapering,Baby Diapers,Small,465.0,13.0,404.55,19.26,2022,4.17,290,4.17,False,-15.90042372881356,0.7817796610169492,healthy,0.7288135593220338,11
SuperBottoms Freesize UNO SuperSoft Cloth Diaper with Velcro | Reusable | Adjustable Fit | Dry Feel | 3M-3Y,SuperBottoms,Diapering,Cloth Diapers/ Nappies,7-17kg,890.0,42.0,518.96,0.0,188,4.27,15,4.27,False,10.795321637426902,0.6842105263157895,healthy,0.5029239766081871,87
Little Boo New Born Baby Cotton Washable Reusable Cloth Diapers Pack Of 12 - Multicolor,Little Boo,Diapering,Cloth Diapers/ Nappies,Pack of 12,499.0,38.0,308.98,0.0,111,4.15,16,4.15,False,6.795321637426902,0.5350877192982456,healthy,0.5029239766081871,2
Babyhug Printed Reusable Cloth Diaper with Inserts Pack of 5 Free Size - Multicolour| Washable & Eco-friendly| Adjust to Suit Waist Size|Easy Snap Buttons|Soft & Skin Friendly| Absorbent Inserts,Babyhug,Diapering,Cloth Diapers/ Nappies,0 to 6 M,2599.0,48.0,1351.48,0.0,22,3.61,46,3.61,True,16.795321637426902,0.1286549707602339,moderate,0.5029239766081871,61
Babyhug Diaper Bag With Changing Mat Rabbit & Bear Print - Cream,Babyhug,Diapering,Diaper Bag & Backpacks,18.5 x 42.5 x 30.5 cm,1755.0,34.0,1158.3,0.0,392,4.37,176,4.37,False,0.28378378378378244,0.8378378378378378,healthy,0.5067567567567568,15
JUNIOR JOE 2-in-1 Potty Training Seat with Ladder  Toddler Step Stool & Adjustable Toilet Trainer (Blue & White),Junior Joe,Diapering,Potty Training,L 54 x B 37 x H 37 cm,3599.0,61.0,1398.21,0.0,48,4.38,6,4.38,True,30.417721518987342,0.17721518987341772,moderate,0.5063291139240507,1
Rabbit Shaped Potty Chair With PU Cushion & Cleaning Brush - Pink & Blue,Fab N Funky,Diapering,Potty Training,L 34 x B 33.5 x H 56 cm,2395.0,29.0,1700.45,0.0,417,4.49,7,4.49,True,-1.5822784810126578,0.7341772151898734,healthy,0.5063291139240507,17
Babyhug Muslin Cotton Reusable Velcro Printed Cloth Nappies Medium Set of 5 - Multicolor,Babyhug,Diapering,Cloth Diapers/ Nappies,Medium,679.0,33.0,454.93,0.0,49,3.86,77,3.86,False,1.7953216374269019,0.2631578947368421,moderate,0.5029239766081871,61
Babyhug Free Size Reusable Contrast Flap Closure Cloth Nappies With Insert Animal Print - White Orange,Babyhug,Diapering,Cloth Diapers/ Nappies,Free Size,725.0,48.0,377.0,0.0,12,3.97,117,3.97,False,16.795321637426902,0.06140350877192982,low,0.5029239766081871,61
"Babyhug Cloth Langot Pack of 3 Large Size Helicopter, Boat and Car Print - Multicolour | Triple Layer Protection | Reusable | Designed for Short Term Comfy Wear | Mess Free",Babyhug,Diapering,Cloth Diapers/ Nappies,L,749.0,38.0,464.38,0.0,103,3.65,8,3.65,False,6.795321637426902,0.5058479532163743,healthy,0.5029239766081871,61
Honey Bunny Pant Style Diaper Large (L)- 62 Pieces,Honey Bunny,Diapering,Baby Diapers,Large,899.0,39.0,549.02,8.86,5,4.21,4,4.21,False,10.09957627118644,0.018008474576271187,low,0.1620762711864407,9
"Pampers Complete Skin Comfort Pants (XXL) 26 Count, 15-25 kg, Anti-rash blanket, 360 degree Lotion with Aloe Vera",Pampers,Diapering,Baby Diapers,XXL,840.0,0.0,835.97,32.15,148,4.24,6996,4.24,False,-28.90042372881356,0.326271186440678,healthy,0.8961864406779662,85
"SuperBottoms Freesize UNO Cloth Diaper (3M - 3Y) Reusable with 1 Dry Feel Pad, Absorbs 4-5 Pees - Hunny Bummy",SuperBottoms,Diapering,Cloth Diapers/ Nappies,Pack of 1,890.0,44.0,499.02,0.0,27,3.84,34,3.84,False,12.795321637426902,0.16374269005847952,moderate,0.5029239766081871,87
SuperBottoms Padded Underwear for 3-4Y Babies | Potty Training Pants with Dry Feel Layer Inside | Lil Explorers Club | Pack of 3 | Size 3,SuperBottoms,Diapering,Cloth Diapers/ Nappies,3-4Y,879.0,9.0,799.01,0.0,97,3.57,117,3.57,False,-22.204678362573098,0.49415204678362573,healthy,0.5029239766081871,87
SuperBottoms Freesize UNO SuperSoft Cloth Diaper with Velcro Reusable Adjustable Fit  Dry Feel- Pink,SuperBottoms,Diapering,Cloth Diapers/ Nappies,Free Size,890.0,11.0,788.99,0.0,97,4.27,15,4.27,False,-20.204678362573098,0.49415204678362573,healthy,0.5029239766081871,87
Huggies Natural Soft Premium Baby Diaper Pants Extra Small - 40 Pieces,Huggies,Diapering,Baby Diapers,Extra Small,466.0,26.0,345.03,8.63,242,4.32,1666,4.32,False,-2.9004237288135606,0.4194915254237288,healthy,0.13771186440677965,77
SuperBottoms Padded Underwear for 2-3Y Babies | Potty Training Pants for Mess-Free Diaper-Free Time | Bummy's Day Out | Pack of 6,SuperBottoms,Diapering,Cloth Diapers/ Nappies,2-3Y,1794.0,14.0,1548.94,0.0,96,3.93,6,3.93,True,-17.204678362573098,0.4824561403508772,healthy,0.5029239766081871,87
Babyhug Muslin Cotton Reusable Velcro Printed Cloth Nappies Large Set of 5 - Multicolor,Babyhug,Diapering,Cloth Diapers/ Nappies,Large,749.0,33.0,501.83,0.0,117,3.86,77,3.86,False,1.7953216374269019,0.5555555555555556,healthy,0.5029239766081871,61
Bambo Nature Eco Friendly Tape Diapers with Wetness Indicator XXL Size Pack Of 3 - 60 Pieces,Bambo Nature,Diapering,Baby Diapers,XXL,3597.0,4.0,3453.12,57.55,435,4.0,0,4.0,True,-24.90042372881356,0.5402542372881356,healthy,0.9608050847457628,38
"Babyhug 100% Interlock Cotton Reusable Printed Cloth Nappies with Velcro Closure Pack of 6 Helicopter, Boat & Car Print  Small Size| Machine Washable| Soft & Skin Friendly",Babyhug,Diapering,Cloth Diapers/ Nappies,1-6 M,799.0,38.0,495.38,0.0,317,3.98,2,3.98,False,6.795321637426902,0.7953216374269005,healthy,0.5029239766081871,61
"Mamypoko pants All night absorb Pant Style Baby Diapers with Wider  Crisscross Sheet,Gentle Coco Care,12hr Leakage Protection, Prevents Heaviness Small Size(S), 87 Pieces, 4-8 Kgs",MamyPoko,Diapering,Baby Diapers,Small,843.0,25.0,628.29,7.22,35,4.19,264,4.19,False,-3.9004237288135606,0.12182203389830508,moderate,0.04449152542372881,65
Baby Potty Training Chair with Removable Bowl - Pink,Fab N Funky,Diapering,Potty Training,L 33 x B 31 x H 28.5 cm,745.0,35.0,484.25,0.0,279,3.92,6,3.92,False,4.417721518987342,0.6455696202531646,healthy,0.5063291139240507,17
Foldable Potty Chair - Pink,Fab N Funky,Diapering,Potty Training,L 24 x B 24 x H 17 cm,1445.0,33.0,968.15,0.0,721,3.8,12,3.8,False,2.417721518987342,0.7974683544303798,healthy,0.5063291139240507,17
R for Rabbit Feather Aqua Wipes - 72 Pieces,R for Rabbit,Diapering,Baby Wipes,Pack of 1,144.0,0.0,144.0,0.0,435,4.33,21,4.33,False,-30.03488372093023,0.4186046511627907,healthy,0.5058139534883721,2
Mee Mee Caring Baby Wet Wipes with Lid - 72 Pieces,Mee Mee,Diapering,Baby Wipes,72 Pieces,109.0,26.0,80.18,0.0,239,4.31,38,4.31,False,-4.034883720930232,0.313953488372093,healthy,0.5058139534883721,6
SuperBottoms Padded Underwear for 3-4Y Babies | Potty Training Pants for Mess-Free Diaper-Free Time | Explorer | Pack of 3,SuperBottoms,Diapering,Cloth Diapers/ Nappies,3-4Y,899.0,11.0,799.03,0.0,44,3.61,119,3.61,False,-20.204678362573098,0.24561403508771928,moderate,0.5029239766081871,87
"Mi Arcus 2-in-1 Printed Maternity Diaper Bag with Zip Closure, Convertible Handbag & Backpack- Dark Pink",Mi Arcus,Diapering,Diaper Bag & Backpacks,L 28 x B 32 x H 14 cm,1299.0,15.0,1099.21,0.0,95,4.41,51,4.41,False,-18.716216216216218,0.6081081081081081,healthy,0.5067567567567568,4
Tinycare Cloth Nappy Comfy Junior Newborn - Set of 5,Tinycare,Diapering,Cloth Diapers/ Nappies,Newborn,355.0,16.0,297.85,0.0,93,4.18,80,4.18,False,-15.204678362573098,0.4590643274853801,healthy,0.5029239766081871,5
Pampers Baby Gentle wet wipes with Aloe 97% Pure Water - 72 Pieces,Pampers,Diapering,Baby Wipes,Pack of 1,299.0,29.0,211.81,0.0,9025,4.31,505,4.31,False,-1.0348837209302317,0.6627906976744186,healthy,0.5058139534883721,2
Chrish Washable Reusable 10 Hosiery Cotton Langot Pack of 10 Large - Multicolor,Chrish,Diapering,Cloth Diapers/ Nappies,Large,798.0,48.0,414.96,0.0,6613,3.96,49,3.96,False,16.795321637426902,0.9824561403508771,healthy,0.5029239766081871,2
LuvLap Lily Travel Multifunctional Waterproof Diaper Bag-Backpack Cum Tote bag (Black),LuvLap,Diapering,Diaper Bag & Backpacks,L 46 x B 37 x H 14 cm,1495.0,23.0,1149.06,0.0,10,4.26,26,4.26,False,-10.716216216216218,0.17567567567567569,moderate,0.5067567567567568,2
Baby Potty Training Toilet Seat Ladder -  Yellow & Blue,Fab N Funky,Diapering,Potty Training,L 40 x B 29 x H 61 cm,1995.0,48.0,1037.4,0.0,9,4.23,14,4.23,False,17.417721518987342,0.05063291139240506,low,0.5063291139240507,17
"Babyhug 100% Interlock Cotton Double Layer Nappy Pack of 12 Small Size Helicopter, Boat and Car Print - Multicolor",Babyhug,Diapering,Cloth Diapers/ Nappies,L 30.5 x B 58 cm,1299.0,34.0,857.34,0.0,2,4.69,1,4.69,False,2.795321637426902,0.017543859649122806,low,0.5029239766081871,61
Babyhug Diaper Backpack Unicorn Print - Navy Blue,Babyhug,Diapering,Diaper Bag & Backpacks,L 26.5 x B 18 x H 41.5,2699.0,30.0,1889.3,0.0,9,4.48,147,4.48,False,-3.7162162162162176,0.16216216216216217,moderate,0.5067567567567568,15
SuperBottoms Padded Underwear for 2-3Y Babies | Potty Training Pants with Dry Feel Layer Inside | Jungle Jam | Pack of 3 | Size 2,SuperBottoms,Diapering,Cloth Diapers/ Nappies,2-3Y,899.0,11.0,799.03,0.0,42,3.57,117,3.57,False,-20.204678362573098,0.23391812865497075,moderate,0.5029239766081871,87
The Cheeky Kidzz Baby Disposable Diaper Bags With Dispenser Waste 4 Refill Rolls/60 Bags Convenient Quick Disposal Trash  Leak And Odors Proof (BLUE),The Cheeky Kidzz,Diapering,Diaper Bag & Backpacks,L 11 x B 4 cm,499.0,46.0,269.01,0.0,314,4.52,22,4.52,False,12.283783783783782,0.7972972972972973,healthy,0.5067567567567568,2
"R for Rabbit Waterproof Quick Dry Sheet for Baby | Anti-Piling Fleece Breatheable Fabric Extra Absorbent Instant Dry Baby Bed/Cot Protector Mat (Size-M,Blue-Grey,Pack of 2 Combo)",R for Rabbit,Diapering,Diaper Changing Pads/Mats,M,756.0,17.0,629.14,0.0,87,4.63,14,4.63,False,-15.074074074074076,0.30864197530864196,healthy,0.5061728395061729,14
Little Angel Premier Pants Baby Diapers With Wetness Indicator New Born - 60 Pieces,Little Angel,Diapering,Baby Diapers,New Born,649.0,2.0,638.42,10.64,36,3.81,6,3.81,False,-26.90042372881356,0.1260593220338983,moderate,0.3135593220338983,7
Lovingle Luxury Diaper Pants Small - 34 pieces,Pro-ease Lovingle,Diapering,Baby Diapers,Small,399.0,28.0,287.28,8.45,52,4.17,145,4.17,False,-0.9004237288135606,0.15783898305084745,moderate,0.1281779661016949,8
"R for Rabbit Waterproof Quick Dry Sheet for Baby | Anti-Piling Fleece Breatheable Fabric Extra Absorbent Instant Dry Baby Bed/Cot Protector Mat (Size-L,Grey)",R for Rabbit,Diapering,Diaper Changing Pads/Mats,L 140 x B 100 cm,693.0,13.0,605.89,0.0,2,4.47,11,4.47,False,-19.074074074074076,0.012345679012345678,low,0.5061728395061729,14
SuperBottoms Padded Underwear for 1-2Y Babies | Potty Training Pants for Mess-Free Diaper-Free Time | Garden Green | Pack of 3,SuperBottoms,Diapering,Cloth Diapers/ Nappies,1-2Y,899.0,11.0,799.03,0.0,17,3.61,119,3.61,False,-20.204678362573098,0.0935672514619883,low,0.5029239766081871,87
"R for Rabbit Caramello Dino Diaper Bag for Mother, Multipurpose Stylish Diaper Bag with 11 Pockets, Water Resistant, 3 Insulated Front Pockets (Sea Green)",R for Rabbit,Diapering,Diaper Bag & Backpacks,L 20 x B 30 x H 40 cm,2196.0,21.0,1724.96,0.0,27,4.38,39,4.38,False,-12.716216216216218,0.32432432432432434,healthy,0.5067567567567568,12
"SuperBottoms Freesize UNO Cloth Diaper | 3M - 3Y | Reusable, Absorbs 4-5 Pees - Pack of 6 | Fits 7-17 Kg",SuperBottoms,Diapering,Cloth Diapers/ Nappies,Pack of 6,5340.0,46.0,2899.09,0.0,6,3.64,0,3.64,True,14.795321637426902,0.023391812865497075,low,0.5029239766081871,87
"SuperBottoms BASIC Reusable Cloth Diaper for 3M-3Y Babies| Freesize Adjustable, Washable and Reusable Cloth Diaper for babies | Shell with insert | Pack of 5 | Fits 5-17 kg",SuperBottoms,Diapering,Cloth Diapers/ Nappies,Pack of 5,3745.0,71.0,1099.16,0.0,8,3.66,3,3.66,True,39.7953216374269,0.04093567251461988,low,0.5029239766081871,87
Mylo Baby Diaper Pants Extra Large XL Size 12-17 kgs with ADL Technology - 56 Count - 12 Hours Protection,Mylo,Diapering,Baby Diapers,Extra Large,934.0,20.0,747.2,13.34,673,3.9,167,3.9,False,-8.90042372881356,0.6313559322033898,healthy,0.5201271186440678,13
Babymoon Biodegradable Bamboo Disposable Flushable Diaper Liners - 100 Sheets ,Babymoon,Diapering,Cloth Diapers/ Nappies,L 29 x B 17 cm,1000.0,58.0,420.0,0.0,394,4.02,11,4.02,False,26.795321637426902,0.8391812865497076,healthy,0.5029239766081871,1
Babyhug Smart Dry Bed Protector Sheet Pack of 2 Medium - Purple Violet,Babyhug,Diapering,Diaper Changing Pads/Mats,Medium,699.0,38.0,433.38,0.0,124,4.46,76,4.46,False,5.925925925925924,0.3888888888888889,healthy,0.5061728395061729,30
SuperBottoms First Love Premium DryFeel Langot for 0-9M Babies | 100% Cotton Padding | Muslin | Pack of 3 | 0-5kg | Size S,SuperBottoms,Diapering,Cloth Diapers/ Nappies,0-5kg,649.0,9.0,589.03,0.0,86,3.97,31,3.97,False,-22.204678362573098,0.4327485380116959,healthy,0.5029239766081871,87
"Babyhug Smart Dry Waterproof Bed Protector Sheet  Medium Size Pack of 3 - Sky Blue, Pink & Lilac| Soft & Breathable Top Layer| Leak Proof Bottom Layer| Hypoallergenic Mattress Protector for 0+ Months",Babyhug,Diapering,Diaper Changing Pads/Mats,L 100 x B 70 cm,1049.0,38.0,650.38,0.0,164,4.31,2,4.31,True,5.925925925925924,0.4691358024691358,healthy,0.5061728395061729,30
Baby Potty Training Chair - Yellow,Fab N Funky,Diapering,Potty Training,L 47 x B 26 x H 43 cm,2495.0,42.0,1447.1,0.0,216,4.32,24,4.32,True,11.417721518987342,0.5759493670886076,healthy,0.5063291139240507,17
"Mylo AirPrime Premium Diaper Pants Large, 9 to 14 kg, 24 Pieces, Ultra Thin, Breathable, 12 Hours Protection, No Rashes",Mylo,Diapering,Baby Diapers,Pack of 24,699.0,24.0,531.24,531.24,1173,4.4,0,4.4,False,-4.900423728813561,0.7182203389830508,healthy,0.9957627118644068,13
SuperBottoms Padded Underwear for 12-24M Babies | Potty Training Pants for Mess-Free Diaper-Free Time | Lil Explorer's Club | Pack of 3,SuperBottoms,Diapering,Cloth Diapers/ Nappies,12 - 24 M,879.0,7.0,816.59,0.0,7,3.57,117,3.57,False,-24.204678362573098,0.03216374269005848,low,0.5029239766081871,87
"Little's Premium Baby Diapers XXL Size | Pants Style | 15-25 kg | 22 Count  - Pack of 1| FluffySoft Baby Diaper with Leakage Guard, Wetness Indicator & 12 Hours Absorption",Little's,Diapering,Baby Diapers,XXL,336.0,14.0,287.38,13.06,32,3.94,1009,3.94,False,-14.90042372881356,0.11122881355932203,moderate,0.4925847457627119,10
"Bumtum Baby Diaper Pants with Double Layer Leakage Protection Infused With Aloe Vera, Cottony Soft High Absorb Technology  Extra Large - 54 Pieces",Bumtum,Diapering,Baby Diapers,Extra Large,1170.0,46.0,630.05,11.67,31,3.76,32,3.76,False,17.09957627118644,0.10699152542372882,moderate,0.4057203389830508,2
Bambo Nature Eco Friendly Tape Diapers with Wetness Indicator XL Size Pack of 6 - 132 Pieces,Bambo Nature,Diapering,Baby Diapers,XL,7194.0,5.0,6834.3,51.77,14,5.0,0,5.0,True,-23.90042372881356,0.04449152542372881,low,0.940677966101695,38
"Fareto Waterproof Baby Diaper Changing Bed Cum Station | Reusable cushioned bed for Newborns | Multipurpose | Soft, Leak-Proof Changing Bed Pack of 2- Multi",Fareto,Diapering,Diaper Changing Pads/Mats,L 20 x B 10 x H 7 cm,1999.0,58.0,838.98,0.0,140,4.2,1,4.2,True,25.925925925925924,0.41975308641975306,healthy,0.5061728395061729,1
Luv Lap Paraben Free Moisturizing Baby Wipes with Jojoba Oil Buy 2 Get 1 Free Pack of 3 - 216 Wipes,LuvLap,Diapering,Baby Wipes,Pack of 3,230.0,7.0,215.0,0.0,73,4.28,4,4.28,False,-23.03488372093023,0.11627906976744186,moderate,0.5058139534883721,7
"Babyhug Cloth Langot Pack of 6 Small Size Helicopter, Boat and Car Print - Multicolour | Triple Layer Protection | Reusable | Designed for Short Term Comfy Wear | Mess Free",Babyhug,Diapering,Cloth Diapers/ Nappies,Small,1399.0,34.0,923.34,0.0,31,3.49,1,3.49,True,2.795321637426902,0.1871345029239766,moderate,0.5029239766081871,61
Elementary Reusable Muslin Cotton Square Nappy Large Set of 4 - Multicolor (Shipped in Assorted Colors),Elementary,Diapering,Cloth Diapers/ Nappies,L 55 x B 55 cm,999.0,40.0,599.0,0.0,57,2.0,3,2.0,False,8.795321637426902,0.28362573099415206,moderate,0.5029239766081871,1
Blushbaby Premium Reusable Cloth Diapers for Babies- Pack Of 6,Blushbaby,Diapering,Cloth Diapers/ Nappies,3 M to 3 Y,2999.0,47.0,1576.87,0.0,946,3.62,11,3.62,True,15.795321637426902,0.9122807017543859,healthy,0.5029239766081871,3
"Little's Baby Diapers L Size (Large) Pants Style | 9-14 kg | 30 Count | Comfy Night Baby Diaper Pants with Leakage Guard & Upto 12 Hours Absorption (30 Count, Pack of 1)",Little's,Diapering,Baby Diapers,Large,320.0,12.0,282.46,9.42,3,3.71,69,3.71,False,-16.90042372881356,0.009533898305084746,low,0.2097457627118644,10
"R for Rabbit Minimo Teddy Potty Seat for Kids Anti Slip & BPA Free with Soft Cushion, Universal Fit Portable Potty Training Seat for Infant Weight Up to 40Kgs 1 to 7 Years (Peach Blue)",R for Rabbit,Diapering,Potty Training,L 32.5 x B 36.5 x H 21 cm,999.0,19.0,807.99,0.0,81,4.22,16,4.22,False,-11.582278481012658,0.31645569620253167,healthy,0.5063291139240507,23
"SuperBottoms Freesize UNO Cloth Diaper Trial Kit with 2 Freesize UNO, 2 booster pads & 3 Reusable liners for babies | 3M to 3Y",SuperBottoms,Diapering,Cloth Diapers/ Nappies,5 to 17 Kg,2377.0,47.0,1259.1,0.0,118,3.6,0,3.6,True,15.795321637426902,0.5614035087719298,healthy,0.5029239766081871,87
"TIDY SLEEP Waterproof Diaper Changing Mat for Newborn Baby , Soft Cotton Top, Foam Cushion & Waterproof TPU Backing , Bed Protector Dry Sheet , Anti-Slip, Machine Washable , 65 x 45 cm",Tidy Sleep,Diapering,Diaper Changing Pads/Mats,L 65 x B 45 cm,1499.0,49.0,769.14,0.0,161,4.49,41,4.49,True,16.925925925925924,0.4444444444444444,healthy,0.5061728395061729,3
"R for Rabbit Caramello Breezy Baby Diaper Bag with Changing Mat for Mother, Waterproof, Large Capacity Multifunctional Maternity Bag for Travel Nursing Backpack for Moms (Grey)",R for Rabbit,Diapering,Diaper Bag & Backpacks,L 33 x B 18.5 x H 41 cm,2592.0,22.0,2029.8,0.0,65,4.48,16,4.48,False,-11.716216216216218,0.527027027027027,healthy,0.5067567567567568,12
Mylo Baby Diaper Pants Small S Size 4-8 kgs with ADL Technology - 84 Count - 12 Hours Protection,Mylo,Diapering,Baby Diapers,Small,934.0,20.0,747.2,8.9,2406,3.9,167,3.9,False,-8.90042372881356,0.788135593220339,healthy,0.1684322033898305,13
SuperBottoms Padded Underwear for 9-12M Babies | Potty Training Pants with Dry Feel Layer Inside | Garden Green | Pack of 3 | Size 0,SuperBottoms,Diapering,Cloth Diapers/ Nappies,9-12M,899.0,11.0,799.03,0.0,66,3.57,117,3.57,False,-20.204678362573098,0.3157894736842105,healthy,0.5029239766081871,87
"R for Rabbit Waterproof Quick Dry Sheet for Baby | Anti-Piling Fleece Breatheable Fabric Extra Absorbent Instant Dry Baby Bed/Cot Protector Mat (Size-M,Multi Joy,Pack of 3 Combo)",R for Rabbit,Diapering,Diaper Changing Pads/Mats,M,1053.0,19.0,853.04,0.0,37,4.67,0,4.67,True,-13.074074074074076,0.14814814814814814,moderate,0.5061728395061729,14
"WaterWipes (Made in Ireland) Baby wipes, Pack of 3 (180 wipes), For sensitive skin, World's Purest Wipes (Imported),  Just 2 ingredients, Certified by Allergy UK and Eczema association",Water Wipes,Diapering,Baby Wipes,Pack of 3,1999.0,33.0,1344.93,0.0,9924,4.36,1,4.36,True,2.9651162790697683,0.7325581395348837,healthy,0.5058139534883721,6
SuperBottoms Padded Underwear for 1-2Y Babies | Potty Training Pants for Mess-Free Diaper-Free Time | Jungle Jam | Pack of 3,SuperBottoms,Diapering,Cloth Diapers/ Nappies,1,899.0,11.0,799.03,0.0,21,3.65,11,3.65,False,-20.204678362573098,0.12280701754385964,moderate,0.5029239766081871,87
"StarAndDaisy Diaper Bag for Mothers with Multi Compartments, Insulated Bottle Pockets, Waterproof, Ultra Vegan Leather, 30L capacity - Grey",StarAndDaisy,Diapering,Diaper Bag & Backpacks,L 20 x B 26 x H 50 cm,2999.0,47.0,1599.07,0.0,1958,3.8,2,3.8,False,13.283783783783782,0.9594594594594594,healthy,0.5067567567567568,4
"Milk Baby Diaper Flexi Tape, Size XL - 30 Pcs, 15 To 22 KG",Milk,Diapering,Baby Diapers,XL,1499.0,0.0,1499.0,1499.0,133,4.43,0,4.43,False,-28.90042372881356,0.3061440677966102,healthy,0.9989406779661016,6
"Huggies Complete Comfort Wonder Pants, India's Fastest Absorbing Diaper | XL Size, 26 Diapers",Huggies,Diapering,Baby Diapers,Extra Large,510.0,31.0,353.02,13.58,147,4.2,7501,4.2,False,2.0995762711864394,0.3241525423728814,healthy,0.5338983050847458,77
"OYO BABY Anti-Piling Fleece Extra Absorbent Instant Dry Sheet, Baby Bed Protector, Waterproof Sheet, Small (70cm x 50cm), Pink",OYO BABY,Diapering,Diaper Changing Pads/Mats,Small,195.0,25.0,146.25,0.0,650,3.96,5,3.96,False,-7.074074074074076,0.7160493827160493,healthy,0.5061728395061729,4
Abracadabra Diaper Bag with Changing Station - Blue,Abracadabra,Diapering,Diaper Bag & Backpacks,L 38 x B 28 x H 22 cm,2999.0,23.0,2309.83,0.0,38,4.39,10,4.39,False,-10.716216216216218,0.40540540540540543,healthy,0.5067567567567568,1
SuperBottoms Premium Muslin DryFeel Langot for 0 - 9M Babies - Bummy Land | Pack of 6 | 0-5kg,SuperBottoms,Diapering,Cloth Diapers/ Nappies,0-5kg,1298.0,17.0,1080.97,0.0,28,4.21,24,4.21,False,-14.204678362573098,0.1695906432748538,moderate,0.5029239766081871,87
"SuperBottoms Premium Cotton Padding (No Sponge) Vehicle & Animal Print Pack of 3 - Yellow Red , Small",SuperBottoms,Diapering,Cloth Diapers/ Nappies,0-5kg,645.0,9.0,589.01,0.0,84,3.97,31,3.97,False,-22.204678362573098,0.40350877192982454,healthy,0.5029239766081871,87
"Nintara Baby Organic Cotton Waterproof  Landing Mat For Tummy Time, Play & Naps, Portable & Foldable for Home Or Travel, Hypoallergenic -Blue",NINTARA BABY,Diapering,Diaper Changing Pads/Mats,L 60 x B 76 cm,1199.0,4.0,1151.64,0.0,14,4.5,0,4.5,True,-28.074074074074076,0.06172839506172839,low,0.5061728395061729,2
"Babyhug Cloth Langot Pack of 6 Large Size Rabbit, Rainbow and Floral Print - Multicolour | Triple Layer Protection | Reusable | Designed for Short Term Comfy Wear | Mess Free",Babyhug,Diapering,Cloth Diapers/ Nappies,Large,1449.0,33.0,970.83,0.0,81,3.49,1,3.49,True,1.7953216374269019,0.38011695906432746,healthy,0.5029239766081871,61
"Pampers Complete Skin Comfort Pants (NB), 54 Count, Upto 5Kg, Anti-rash blanket, 360 degree Lotion with Aloe Vera",Pampers,Diapering,Baby Diapers,New Born,749.0,1.0,745.03,13.8,59,4.24,6996,4.24,False,-27.90042372881356,0.1641949152542373,moderate,0.5423728813559322,85
Babyhug Smart Dry Bed Protector Sheet Pack of 2 Medium - Blue,Babyhug,Diapering,Diaper Changing Pads/Mats,Medium,699.0,38.0,433.38,0.0,628,4.46,76,4.46,False,5.925925925925924,0.691358024691358,healthy,0.5061728395061729,30
R For Rabbit Little Grown Up Tunes Potty Training Chair - Blue & White,R for Rabbit,Diapering,Potty Training,L 40 x B 27 x H 32 cm,1593.0,17.0,1329.84,0.0,41,3.0,0,3.0,False,-13.582278481012658,0.13924050632911392,moderate,0.5063291139240507,23
Mamaya Baby Diaper M-72 Pieces,Mamaya,Diapering,Baby Diapers,Medium,999.0,34.0,659.04,9.15,887,3.72,52,3.72,False,5.099576271186439,0.659957627118644,healthy,0.1832627118644068,2
"SuperBottoms UNO Pull-up pant style Cloth Diaper with Dry Feel Pad | Soft & Reusable | 6M 3Y | Muddy Meadows ,9kg -17 kg",SuperBottoms,Diapering,Cloth Diapers/ Nappies,L 17 x B 17 x H 8 cm,928.0,43.0,525.53,0.0,14,3.83,7,3.83,False,11.795321637426902,0.07894736842105263,low,0.5029239766081871,87
Frog Shaped Foldable Potty Seat Cover - Blue,Babyhug,Diapering,Potty Training,L 36 x B 24 x H 2.5 cm,895.0,38.0,554.9,0.0,615,4.17,5,4.17,False,7.417721518987342,0.7721518987341772,healthy,0.5063291139240507,24
"LuvLap Instadry Waterproof Baby Dry Sheet 2-Pack, Medium 70x100 cm (28x39 inch), Extra Absorbent Quick Dry Sheet, Bed Protector, Sky Blue & Salmon Rose",LuvLap,Diapering,Diaper Changing Pads/Mats,L 100 x B 70 cm,598.0,37.0,379.01,0.0,234,4.26,16,4.26,False,4.925925925925924,0.5308641975308642,healthy,0.5061728395061729,15
Babyhug Premium Potty Seat - White,Babyhug,Diapering,Potty Training,31 x 28 x 8.5 cm,745.0,33.0,499.15,0.0,59,4.16,127,4.16,False,2.417721518987342,0.24050632911392406,moderate,0.5063291139240507,24
TONY STARK Big Size Non Woven Baby Diaper Storage Organizer Nappies Bag For Mother Stylish Storage Bag For diapers & wipes | baby shower gift | new born essentials - Nursery Basket (Black),Tony Stark,Diapering,Diaper Bag & Backpacks,38*26*18 cm,1999.0,66.0,679.66,0.0,1502,4.16,3,4.16,False,32.28378378378378,0.9459459459459459,healthy,0.5067567567567568,3
Quilted Diaper Changing Mats Pack of 2 - Blue & Pink| Waterproof| Washable & Reusable| Foldable & Lightweight| Travel Friendly| Tummy Time Mat| Newborn & Infant Essential| Leak Proof,FNF,Diapering,Diaper Changing Pads/Mats,L 76.5 x B 57.5 cm,1199.0,34.0,791.34,0.0,20,4.85,2,4.85,True,1.9259259259259238,0.08641975308641975,low,0.5061728395061729,1
"LuvLap Moisturising Baby Wipes with Aloe Vera, Paraben-Free, 72/Pack, Gentle on Skin, Pack of 3 for Babies  Green",LuvLap,Diapering,Baby Wipes,72 Pieces Each,297.0,33.0,198.99,0.0,56,4.22,22,4.22,False,2.9651162790697683,0.06976744186046512,low,0.5058139534883721,7
Motherly Crown Melange Fabric Diaper Bag for Mothers for Travel With Warranty(Black & Grey),Motherly,Diapering,Diaper Bag & Backpacks,L 30 x B 20 x H 40 cm,4849.0,60.0,1945.9,0.0,94,4.63,0,4.63,True,26.283783783783782,0.5945945945945946,healthy,0.5067567567567568,3
R for Rabbit Caramello Bold Ivy Diaper Bag for Moms With Dual Carry Sling Insulated Bottle Pockets With Premium Vegan Leather - Rust Orange,R for Rabbit,Diapering,Diaper Bag & Backpacks,L 39 x B 20 x H 42 cm,2997.0,19.0,2433.86,0.0,6,4.73,1,4.73,False,-14.716216216216218,0.10135135135135136,moderate,0.5067567567567568,12
Baby Potty Training Chair - Red,Fab N Funky,Diapering,Potty Training,L 47 x B 26 x H 43 cm,2495.0,42.0,1447.1,0.0,164,4.32,24,4.32,True,11.417721518987342,0.5063291139240507,healthy,0.5063291139240507,17
"LuvLap Pant Style Baby Diapers, Small (SM), Pack of 3, 234 Pants, Aloe Vera Lotion, 12hr Protection, White",LuvLap,Diapering,Baby Diapers,Small,2997.0,35.0,1950.75,8.34,28,4.15,246,4.15,True,6.099576271186439,0.09427966101694915,low,0.12182203389830508,27
"R for Rabbit Caramello Tote Baby Diaper Bag with Changing Mat for Mother, Waterproof, Large Capacity Multifunctional Maternity Nursing Travel Hand Bag with Sling for Moms (Grey)",R for Rabbit,Diapering,Diaper Bag & Backpacks,L 35 x B 18 x H 34 cm,2592.0,22.0,2029.8,0.0,61,4.73,39,4.73,False,-11.716216216216218,0.49324324324324326,healthy,0.5067567567567568,12
Multipurpose Diaper Tote Cum Sling Bag with Foldable Changing Mat | Multiple Bottle Holders & Dino Print| Adjustable Shoulder Strap|  Water Resistant| Carry Handle | Capacity- 1.77L -  Grey,Fab N Funky,Diapering,Diaper Bag & Backpacks,L 15.5 x B 32 x H 37 cm,1999.0,40.0,1199.4,0.0,126,3.0,0,3.0,False,6.283783783783782,0.6891891891891891,healthy,0.5067567567567568,4
Babyhug Cotton Diaper Changing Mat And Bed Protector - Grey,Babyhug,Diapering,Diaper Changing Pads/Mats,L 83.5 x B 83.5 cm,699.0,30.0,489.3,0.0,197,4.37,107,4.37,False,-2.074074074074076,0.5185185185185185,healthy,0.5061728395061729,30
1st Step Smart And Multi-Functional Diaper Bag Backpack Diaper Bag (Purple),1st Step,Diapering,Diaper Bag & Backpacks,L 26 x B 20 x H 39.5 cm,2999.0,40.0,1799.1,0.0,2,4.56,20,4.56,False,6.283783783783782,0.02702702702702703,low,0.5067567567567568,1
Babyhug Smart Dry Bed Protector Sheet Pack of 2 Medium - Pink Green,Babyhug,Diapering,Diaper Changing Pads/Mats,Medium,699.0,38.0,433.38,0.0,1256,4.46,76,4.46,False,5.925925925925924,0.7777777777777778,healthy,0.5061728395061729,30
Babyhug 3-In-1 Baby Toilet Training Seat with Anti-Slip Pads - Blue Yellow| Removable Potty Pot| Potty Training Seat| Potty Seat Potty Chair & Step Stool| for Kids 12 months - 5 Years,Babyhug,Diapering,Potty Training,L 16 x B 8 x H 12 cm,2495.0,57.0,1072.85,0.0,363,5.0,0,5.0,True,26.417721518987342,0.6962025316455697,healthy,0.5063291139240507,24
Little Angel Pant Style Extra Dry Large Diapers - 48 Pieces,Little Angel,Diapering,Baby Diapers,L,749.0,32.0,506.85,10.56,6,3.96,26,3.96,False,3.0995762711864394,0.0211864406779661,low,0.3082627118644068,7
ZIKKU Baby Diaper Changing and Massage Pad with Safety Belt and Cover (Bee Pad + Boat Cover),Zikku,Diapering,Diaper Changing Pads/Mats,L 81. 28 x B 40.64 x H 82 cm,4500.0,46.0,2430.0,0.0,53,0.0,0,0.0,True,13.925925925925924,0.16666666666666666,moderate,0.5061728395061729,3
Babyhug Backpack Style Diaper Bag - Blue,Babyhug,Diapering,Diaper Bag & Backpacks,L 27.5 X B19.5 X H 44 cm,2395.0,30.0,1676.5,0.0,30,4.47,30,4.47,False,-3.7162162162162176,0.3783783783783784,healthy,0.5067567567567568,15
"LuvLap Pant Style Baby Diapers, Small (S), 38 Count, Aloe Vera Lotion, 12hr Protection, White",LuvLap,Diapering,Baby Diapers,Small,499.0,37.0,316.02,8.32,193,4.15,246,4.15,False,8.09957627118644,0.3728813559322034,healthy,0.11864406779661017,27
Babyhug Waterproof Nappy Small Size Set of 3 - Yellow Pink Blue,Babyhug,Diapering,Cloth Diapers/ Nappies,Small,299.0,30.0,209.3,0.0,37,3.15,87,3.15,False,-1.2046783625730981,0.2046783625730994,moderate,0.5029239766081871,61
Honey Bunny Pant Style Diaper Large (L) - 60 Pieces,Honey Bunny,Diapering,Baby Diapers,Large,1099.0,43.0,622.25,10.37,9,3.86,10,3.86,False,14.09957627118644,0.029661016949152543,low,0.2944915254237288,9
Wowper Baby Pant Style Diaper with 3D Diamond Cross Core Double Extra Large Size (XXL)- 46 Pieces Each- (Pack of 2),Wowper,Diapering,Baby Diapers,XXL,2058.0,52.0,987.84,10.74,99,4.05,1154,4.05,True,23.09957627118644,0.25,moderate,0.3294491525423729,18
SuperBottoms Padded Underwear for 3-4Y Babies | Potty Training Pants with Dry Feel Layer Inside | Bummy's Day Out (Color may vary Slightly) | Pack of 3 | Size 3,SuperBottoms,Diapering,Cloth Diapers/ Nappies,14.5 to 16.5 kg,897.0,11.0,798.96,0.0,130,3.57,117,3.57,False,-20.204678362573098,0.5935672514619883,healthy,0.5029239766081871,87
Little Rituals Bio Soothe Wet Wipes 72 Pieces Each - Pack of 3,Little Rituals,Diapering,Baby Wipes,72 wipes/Pack,885.0,50.0,442.5,0.0,82,4.48,30,4.48,True,19.96511627906977,0.16279069767441862,moderate,0.5058139534883721,1
"LuvLap Instadry Waterproof Baby Dry Sheet 1-Pack, Extra Large 200x140 cm (55x79 inch), Extra Absorbent Quick Dry Sheet, Bed Protector, Salmon Rose",LuvLap,Diapering,Diaper Changing Pads/Mats,L 200 x B 140 cm,1499.0,49.0,758.94,0.0,53,3.68,2,3.68,True,16.925925925925924,0.16666666666666666,moderate,0.5061728395061729,15
Babyhug Cotton Diaper Changing Mat Pack Of 2 - Green,Babyhug,Diapering,Diaper Changing Pads/Mats,L 83.5 x B 83.5 cm,1279.0,31.0,882.51,0.0,4,4.37,107,4.37,True,-1.0740740740740762,0.024691358024691357,low,0.5061728395061729,30
Babyhug Backpack Style Maternity Diaper Bag Flamingo Print - Blue,Babyhug,Diapering,Diaper Bag & Backpacks,L 26.5 x B 18 x H 41.5,2695.0,30.0,1886.5,0.0,28,4.48,147,4.48,False,-3.7162162162162176,0.33783783783783783,healthy,0.5067567567567568,15
"R for Rabbit Waterproof Quick Dry Sheet Bliss for Baby | Anti-Piling Fleece Breatheable Fabric Extra Absorbent Instant Dry Baby Bed/Cot Protector Mat (Size-S,Blue)",R for Rabbit,Diapering,Diaper Changing Pads/Mats,L 50 x B 70 cm,198.0,7.0,183.96,0.0,102,4.41,10,4.41,False,-25.074074074074076,0.35185185185185186,healthy,0.5061728395061729,14
"Babyhug 100% Interlock Cotton Double Layer Nappy Helicopter, Boat & Car Print Pack of 6 - Medium Size| Machine Washable| Soft & Skin Friendly| Tie Knot Style",Babyhug,Diapering,Cloth Diapers/ Nappies,5-12 M,749.0,34.0,494.34,0.0,335,4.0,2,4.0,False,2.795321637426902,0.8128654970760234,healthy,0.5029239766081871,61
Babyhug Muslin Cloth Nappy Set of 5 Extra Small - Multicolor,Babyhug,Diapering,Cloth Diapers/ Nappies,Extra Small,449.0,31.0,309.81,0.0,1561,4.37,180,4.37,False,-0.20467836257309813,0.9532163742690059,healthy,0.5029239766081871,61
Tinycare Cloth Nappy String Tie Up Newborn - Set Of 5 (Color May Vary),Tinycare,Diapering,Cloth Diapers/ Nappies,Newborn,328.0,10.0,295.2,0.0,59,4.28,61,4.28,False,-21.204678362573098,0.30409356725146197,healthy,0.5029239766081871,5
Babyhug Interlock Dyed Printed Cloth Nappies Extra Small Set of 5 - Multicolour,Babyhug,Diapering,Cloth Diapers/ Nappies,XS,529.0,31.0,365.01,0.0,186,4.52,147,4.52,False,-0.20467836257309813,0.6783625730994152,healthy,0.5029239766081871,61
Honey Bunny Pant Style Diaper Extra Large - 42 Pieces,Honey Bunny,Diapering,Baby Diapers,XL,749.0,42.0,435.02,10.36,29,4.21,4,4.21,False,13.09957627118644,0.10063559322033898,moderate,0.2923728813559322,9
Infantso NORA 3-in-1 Baby Potty Ladder Seat for Kids 1-5 Years -Grey,Infantso,Diapering,Potty Training,L 35 x B 19 x H 45 cm,2799.0,43.0,1592.91,0.0,140,4.24,12,4.24,True,12.417721518987342,0.45569620253164556,healthy,0.5063291139240507,2
"R for Rabbit Waterproof Quick Dry Sheet for Baby | Anti-Piling Fleece Breatheable Fabric Extra Absorbent Instant Dry Baby Bed/Cot Protector Mat (Size-L,Green-Grey,Pack Of 2 Combo)",R for Rabbit,Diapering,Diaper Changing Pads/Mats,L 140 x B 100 cm,1332.0,16.0,1113.69,0.0,6,4.61,4,4.61,True,-16.074074074074076,0.037037037037037035,low,0.5061728395061729,14
Wowper Fresh Baby Diaper Pants By DOMS | Wetness Indicator | Upto 12 Hrs Absorption | 15-25 Kg | XXL (46 Pieces),Wowper,Diapering,Baby Diapers,XXL,1029.0,52.0,493.92,10.74,1115,4.05,1154,4.05,False,23.09957627118644,0.7097457627118644,healthy,0.3294491525423729,18
"Huggies Natural Soft Premium Baby Diaper Pants, Double Extra Large (XXL) Size (15-25 Kgs), Pack of 18 | Cloud Softness All over",Huggies,Diapering,Baby Diapers,XXL,599.0,36.0,385.34,21.41,89,4.32,1666,4.32,False,7.099576271186439,0.2309322033898305,moderate,0.7944915254237288,77
Tidy Sleep Printed Baby Dry Sheet Waterproof Mattress/Bed Protector for Newborns,Tidy Sleep,Diapering,Diaper Changing Pads/Mats,L 70 x B 50 cm,599.0,45.0,329.03,0.0,448,3.75,1,3.75,False,12.925925925925924,0.5802469135802469,healthy,0.5061728395061729,3
Mamy Poko Pants Skin Breathe Care XXL - 18 Pieces,MamyPoko,Diapering,Baby Diapers,XXL,749.0,44.0,422.96,23.5,653,4.4,1737,4.4,False,15.09957627118644,0.625,healthy,0.8326271186440678,65
"Babyhug 100% Interlock Cotton Double Layer Nappy Rabbit, Rainbow and Flower Print Pack of 12 - Small Size| Machine Washable| Soft & Skin Friendly| Tie Knot Style",Babyhug,Diapering,Cloth Diapers/ Nappies,3-6M,1299.0,31.0,896.31,0.0,37,4.54,1,4.54,False,-0.20467836257309813,0.2046783625730994,moderate,0.5029239766081871,61
Zikku Printed Dry Sheet for Baby Newborn Bed Protector Waterproof Mat Quick Absorbency Combo Extra Small - Pack of 6,Zikku,Diapering,Diaper Changing Pads/Mats,L 50 x B 35 cm,1000.0,27.0,726.0,0.0,84,3.53,2,3.53,True,-5.074074074074076,0.29012345679012347,moderate,0.5061728395061729,3
Blushbaby Premium Reusable Cloth Diapers for Babies- Pack Of 4,Blushbaby,Diapering,Cloth Diapers/ Nappies,3 M to 3 Y,1999.0,48.0,1038.88,0.0,945,3.62,11,3.62,True,16.795321637426902,0.9064327485380117,healthy,0.5029239766081871,3
Meechu Preemie Baby Tape Style Diapers Super Saver Jumbo Pack For Premature Babies(<1-2.5kg) - 120 Pieces,Meechu,Diapering,Baby Diapers,XXS,1560.0,29.0,1107.6,9.23,76,3.27,32,3.27,False,0.09957627118643941,0.2108050847457627,moderate,0.1864406779661017,1
Pure Aura Baby Wipes with 99.9% Pure Water | Ultra Soft & Thick | Natural Plant-Based | Infused with Aqua & Aloe Vera | Gentle & Safe for Newborns (Pack of 2),Pure Aura,Diapering,Baby Wipes,Pack of 2,398.0,0.0,398.0,0.0,133,4.12,4,4.12,False,-30.03488372093023,0.23255813953488372,moderate,0.5058139534883721,3
"TINYBERG 3-in-1 NestRest Pro Baby Diaper Bag With Foldable Baby Bed & Changing Station,11 Pockets, Usb Port - Pebble Grey",TINYBERG,Diapering,Diaper Bag & Backpacks,L 76  x B 29  x H 24 cm,2999.0,35.0,1949.05,0.0,83,3.22,2,3.22,False,1.2837837837837824,0.581081081081081,healthy,0.5067567567567568,1
"R for Rabbit Tiny Tots Dino Potty Chair for Kids |Comfortable Potty Training with Removable Bowl, Anti-Slip Pads & Ergonomic Design |Suitable for Babies & Toddler - White & Pink",R for Rabbit,Diapering,Potty Training,L 36 x B 30 x H 27 cm,1395.0,19.0,1125.9,0.0,51,3.91,1,3.91,False,-11.582278481012658,0.21518987341772153,moderate,0.5063291139240507,23
SuperBottoms DryFeel Langot for 0-9M Babies | 100% Cotton Padding | Sweet Tooth (Old Version) | Pack of 6 | 0-5kg,SuperBottoms,Diapering,Cloth Diapers/ Nappies,0-5kg,1194.0,25.0,898.96,0.0,25,4.15,29,4.15,False,-6.204678362573098,0.15204678362573099,moderate,0.5029239766081871,87
SuperBottoms Dry Feel Pad for Freesize UNO (Pack of 1 DryFeel Pad only) - Made with 100% Organic Cotton Fits 5-17 Kg,SuperBottoms,Diapering,Cloth Diapers/ Nappies,Free Size,229.0,0.0,229.0,0.0,334,4.11,10,4.11,False,-31.204678362573098,0.8070175438596491,healthy,0.5029239766081871,87
House of Quirk Diaper Bag Backpack for Baby Waterproof Travel Baby Bag with Changing Pad Insulated Bottle Pockets & Stroller Straps - Beige,House Of Quirk,Diapering,Diaper Bag & Backpacks,30.5 x 22.9 x 42.4 cm,4999.0,42.0,2899.42,0.0,224,3.33,0,3.33,True,8.283783783783782,0.7432432432432432,healthy,0.5067567567567568,2
Softsens Baby 99.9% Pure Water Wipes | Pure Aloe Vera Extract with Lid Wipes For Babies (Pack of 5),Softsens,Diapering,Baby Wipes,Pack of 5,1250.0,68.0,400.0,0.0,3369,4.33,1,4.33,True,37.96511627906977,0.5581395348837209,healthy,0.5058139534883721,1
Multiuse Classic Solid Diaper Backpack - Blue,Fab N Funky,Diapering,Diaper Bag & Backpacks,L 25 x B 23.5 x H 41 cm,1895.0,33.0,1269.65,0.0,7,4.52,46,4.52,False,-0.7162162162162176,0.12837837837837837,moderate,0.5067567567567568,4
R for Rabbit Minimo Potty Seat Potty Training Seat Hang on the wall for New Born Baby Kids 0 to 13 Months Up to 13Kg(Blue),R for Rabbit,Diapering,Potty Training,L 36 x B 30 x H 10 cm,1395.0,27.0,1015.84,0.0,94,4.48,27,4.48,False,-3.582278481012658,0.35443037974683544,healthy,0.5063291139240507,23
Two Stair Step-stool With Cup Holder -Pink,Fab N Funky,Diapering,Potty Training,L 40 x B 38 x H 38.5 cm,1695.0,39.0,1031.58,0.0,2,3.23,1,3.23,False,8.417721518987342,0.012658227848101266,low,0.5063291139240507,17
Babyhug 100% Cotton Reusable Potty Training Pull Up Padded Pants Pack of 6 Size 1 (1 - 2 years) - Multicolour,Babyhug,Diapering,Cloth Diapers/ Nappies,Size 1 (1-2 Y),1799.0,48.0,935.48,0.0,7,3.62,8,3.62,True,16.795321637426902,0.03216374269005848,low,0.5029239766081871,61
Honey Bunny Pant Style Diaper Large - 48 Pieces,Honey Bunny,Diapering,Baby Diapers,Large,749.0,42.0,435.02,9.06,36,4.21,4,4.21,False,13.09957627118644,0.1260593220338983,moderate,0.17796610169491525,9
"Motherly Budgetbee Baby Diaper Bags for Mothers, Backpack for Mom for Travel",Motherly,Diapering,Diaper Bag & Backpacks,L 40 x B 30 x H 20 cm,3999.0,66.0,1378.86,0.0,153,4.55,0,4.55,True,32.28378378378378,0.722972972972973,healthy,0.5067567567567568,3
Lovingle Luxury Diaper Pants New Born - 36 pieces,Pro-ease Lovingle,Diapering,Baby Diapers,New Born,399.0,28.0,287.28,7.98,27,4.17,145,4.17,False,-0.9004237288135606,0.09004237288135593,low,0.09322033898305085,8
"Little's Baby Diapers XL Size (Extra Large) Pants Style | 12-17 kg | 26 Count | Comfy Night Baby Diaper Pants with Leakage Guard & Upto 12 Hours Absorption (26 Count, Pack of 1)",Little's,Diapering,Baby Diapers,XL,320.0,12.0,281.98,10.85,13,3.71,69,3.71,False,-16.90042372881356,0.0423728813559322,low,0.336864406779661,10
Snugkins Padded Potty Training Underwear for Babies & Toddler 3-4 years Pack of 3,Snugkins,Diapering,Cloth Diapers/ Nappies,3-4 Y,1099.0,32.0,751.06,0.0,301,2.75,1,2.75,False,0.7953216374269019,0.783625730994152,healthy,0.5029239766081871,3
Pampers Happy Sleep Pant Style Baby Diaper 1 Pampers 1 Night Sleep with Anti Rash Shield S - 38 Pieces,Pampers,Diapering,Baby Diapers,Small,374.0,14.0,321.64,8.46,347,4.09,26,4.09,False,-14.90042372881356,0.5052966101694916,healthy,0.13135593220338984,85
R for Rabbit Hilltop Booster Potty Seat & Step Stool 2-in-1 Multipurpose Anti-Skid Base Adjustable Foldable Supportive Backrest & Soft Cushion Toilet Seat for Kids Baby 1 to 7 Years (Yellow Peach),R for Rabbit,Diapering,Potty Training,L 43 x B 18 x H 59 cm,1791.0,14.0,1542.95,0.0,49,4.02,2,4.02,False,-16.582278481012658,0.189873417721519,moderate,0.5063291139240507,23
SuperBottoms First Love Premium DryFeel Langot for 0-9M Babies | 100% Cotton Padding | Bummy World | Pack of 6 | 5-10kg,SuperBottoms,Diapering,Cloth Diapers/ Nappies,5-10kg,1194.0,25.0,898.96,0.0,111,4.21,24,4.21,False,-6.204678362573098,0.5350877192982456,healthy,0.5029239766081871,87
"R for Rabbit Baby Disposable Changing Mats Safe, Ultra-Soft, Dry & Anti-Bacterial HygoMat Bed Protector Gel-Lock Absorbent Core 60 X 60 cm for Kids Diaper Changing Mat (Pack of 10)",R for Rabbit,Diapering,Diaper Changing Pads/Mats,L 30 x B 30 cm,288.0,11.0,255.77,0.0,66,4.44,1,4.44,False,-21.074074074074076,0.2222222222222222,moderate,0.5061728395061729,14
CPLsupersoft Baby Diaper Pant Style | Up to 12 Hours Absorption | 3 - 8 Kg | Pack of 2 - S (84 Pieces),CPLSupersoft,Diapering,Baby Diapers,Small,748.0,2.0,729.3,8.68,947,4.02,1,4.02,False,-26.90042372881356,0.6747881355932204,healthy,0.1419491525423729,1
"Babyhug 100% Interlock Cotton Reusable Printed Cloth Nappies with Velcro Closure Pack of 12 Rabbit, Rainbow and Flower Print  Small Size| Machine Washable| Soft & Skin Friendly",Babyhug,Diapering,Cloth Diapers/ Nappies,0-6M,1549.0,33.0,1037.83,0.0,92,4.19,4,4.19,True,1.7953216374269019,0.4502923976608187,healthy,0.5029239766081871,61
House of Quirk Diaper Bag Maternity Backpack Baby Girl Boy Diaper Bag for Dad Mom Pad Pacifier Case Unisex Large Diaper Bag for Travel -  Dark Blue,House Of Quirk,Diapering,Diaper Bag & Backpacks,L 25.5 x B 18 x H 41  cm,2499.0,48.0,1296.98,0.0,123,3.53,0,3.53,False,14.283783783783782,0.6756756756756757,healthy,0.5067567567567568,2
Babyhug Multipurpose Spacious Diaper Backpack Sea Theme Print - Blue| Adjustable Shoulder Strap| Insulated Bottle Pouches| Smart Bottom Zipper| Wipes Dispenser| Wide Fish-mouth Opening| Stylish Design,Babyhug,Diapering,Diaper Bag & Backpacks,L 26.5 x B 18 x H 41.5 cm,2799.0,30.0,1959.3,0.0,62,4.48,147,4.48,False,-3.7162162162162176,0.5135135135135135,healthy,0.5067567567567568,15
Teddyy Baby Premium Pants Diaper - 12 Hours Absorption Aloe Gel Sheet Leak-Proof Fit -Large (9-14 kg) 32 Count,Teddyy,Diapering,Baby Diapers,Large,549.0,27.0,399.01,12.47,17,4.14,1,4.14,False,-1.9004237288135606,0.05614406779661017,low,0.4597457627118644,13
Novel Baby Wipes Pack of 5 - 80 Pieces Each,Novel,Diapering,Baby Wipes,Pack of 5,975.0,68.0,312.0,0.0,8153,4.31,27,4.31,True,37.96511627906977,0.6395348837209303,healthy,0.5058139534883721,2
R for Rabbit Hilltop Booster Potty Seat & Step Stool 2-in-1 Multipurpose Anti-Skid Base Adjustable Foldable Supportive Backrest & Soft Cushion Toilet Seat for Kids Baby 1 to 7 Years (Purple Orange),R for Rabbit,Diapering,Potty Training,L 43 x B 18 x H 59 cm,1899.0,15.0,1620.04,0.0,21,4.02,2,4.02,False,-15.582278481012658,0.10126582278481013,moderate,0.5063291139240507,23
Babyhug Reusable Cloth Diaper With Insert Elephants Icecream & Deer Prints Pack  of 3 - Purple Blue Pink,Babyhug,Diapering,Cloth Diapers/ Nappies,0 to 24 Months,2199.0,58.0,923.58,0.0,19,3.66,24,3.66,True,26.795321637426902,0.10818713450292397,moderate,0.5029239766081871,61
Honey Bunny Pant Style Diaper Extra Large (XL) - 54 Pieces,Honey Bunny,Diapering,Baby Diapers,XL,1099.0,43.0,622.25,11.52,20,3.86,10,3.86,False,14.09957627118644,0.06885593220338983,low,0.3919491525423729,9
"LuvLap Pant Style Baby Diapers, Small (SM), Pack of 2, 156 Pants, Aloe Vera Lotion, 12hr Protection, White",LuvLap,Diapering,Baby Diapers,Small,1898.0,35.0,1235.03,7.92,17,4.15,246,4.15,True,6.099576271186439,0.05614406779661017,low,0.08792372881355932,27
"R for Rabbit Caramello Truffle Diaper Bags for Mother, Multipurpose & Large Capacity Stylish Maternity Diaper Backpack for Mom (Black Mustard)",R for Rabbit,Diapering,Diaper Bag & Backpacks,L 33 x B 14 x H 45 cm,2781.0,20.0,2231.75,0.0,68,4.53,4,4.53,False,-13.716216216216218,0.5472972972972973,healthy,0.5067567567567568,12
SuperBottoms BASIC Langot 100% Pure Cotton Extra Soft & Breathable for 0-6 months Babies - Pack of 18,SuperBottoms,Diapering,Cloth Diapers/ Nappies,Up to 5 kg,1197.0,29.0,849.03,0.0,57,4.48,1,4.48,False,-2.204678362573098,0.28362573099415206,moderate,0.5029239766081871,87
Superbottoms Cloth Diapers For Babies Trial Pack With 2 Freesize UNO New Version Reusable - Multicolour,SuperBottoms,Diapering,Cloth Diapers/ Nappies,L- 29.5 X B- 37 cm,2422.0,48.0,1258.96,0.0,63,4.03,2,4.03,True,16.795321637426902,0.30994152046783624,healthy,0.5029239766081871,87
Snugkins Baby Cotton Langot & Nappies for Newborn Babies 6-12 Months Pack of 3,Snugkins,Diapering,Cloth Diapers/ Nappies,6-12 M,549.0,7.0,510.02,0.0,93,3.6,2,3.6,False,-24.204678362573098,0.4590643274853801,healthy,0.5029239766081871,3
"LuvLap Instadry Waterproof Baby Dry Sheet 2-Pack, Large 100x140 cm (39x55 inch), Extra Absorbent Quick Dry Sheet, Bed Protector, Sky Blue & Baby Pink",LuvLap,Diapering,Diaper Changing Pads/Mats,L 140 x B 100 cm,1098.0,33.0,738.95,0.0,69,4.23,6,4.23,True,0.9259259259259238,0.24074074074074073,moderate,0.5061728395061729,15
"R for Rabbit Waterproof Quick Dry Sheet for Baby | Anti-Piling Fleece Breatheable Fabric Extra Absorbent Instant Dry Baby Bed/Cot Protector Mat (Size-M,Grey)",R for Rabbit,Diapering,Diaper Changing Pads/Mats,L 100 x B 70 cm,396.0,10.0,357.9,0.0,124,4.5,47,4.5,False,-22.074074074074076,0.3888888888888889,healthy,0.5061728395061729,14
"LuvLap Instadry Waterproof Baby Dry Sheet 2-Pack, Medium 70x100 cm (28x39 inch), Extra Absorbent Quick Dry Sheet, Bed Protector, Salmon Rose & Baby",LuvLap,Diapering,Diaper Changing Pads/Mats,L 100 x B 70 cm,598.0,37.0,379.01,0.0,79,4.26,16,4.26,False,4.925925925925924,0.2716049382716049,moderate,0.5061728395061729,15
Babyhug Muslin Cloth Nappy Set of 5 Small - Solid Assorted Color,Babyhug,Diapering,Cloth Diapers/ Nappies,Small,549.0,31.0,378.81,0.0,94,4.0,211,4.0,False,-0.20467836257309813,0.47076023391812866,healthy,0.5029239766081871,61
SuperBottoms BASIC Langot 100% Pure Cotton Extra Soft & Breathable for 0-6 months Babies - Pack of 6,BASIC,Diapering,Cloth Diapers/ Nappies,Pack of 6,399.0,25.0,299.01,0.0,183,3.94,36,3.94,False,-6.204678362573098,0.6695906432748538,healthy,0.5029239766081871,2
Babyhug Smart Dry Bed Protector Sheet Pack of 2 Medium - Pink Violet,Babyhug,Diapering,Diaper Changing Pads/Mats,Medium,699.0,38.0,433.38,0.0,1504,4.46,76,4.46,False,5.925925925925924,0.8024691358024691,healthy,0.5061728395061729,30
Lovingle Luxury Diaper Pants Medium - 25 pieces,Pro-ease Lovingle,Diapering,Baby Diapers,Medium,399.0,28.0,287.28,11.49,50,4.17,145,4.17,False,-0.9004237288135606,0.15254237288135594,moderate,0.3866525423728814,8
Ladder Potty Seat - Red,Fab N Funky,Diapering,Potty Training,L 39.5 x B 12.5 x H 63.5 cm,1895.0,45.0,1042.25,0.0,3,3.9,1,3.9,False,14.417721518987342,0.03164556962025317,low,0.5063291139240507,17
"LuvLap Trainer Potty Seat with Ladder, Fits Standard Toilets, Potty Training for Boys & Girls 1+ Years, Safe & Easy Use, Pink",LuvLap,Diapering,Potty Training,L 36 x B 23 x H 47,1395.0,28.0,998.96,0.0,36,3.67,11,3.67,False,-2.582278481012658,0.12658227848101267,moderate,0.5063291139240507,6
Babyhug Smart Dry Bed Protector Sheet Pack of 2 Large - Blue Purple,Babyhug,Diapering,Diaper Changing Pads/Mats,Large,1269.0,38.0,786.78,0.0,117,4.41,21,4.41,True,5.925925925925924,0.37037037037037035,healthy,0.5061728395061729,30
Pampers Taped Diapers Small Newborn To Small -  46 Pieces,Pampers,Diapering,Baby Diapers,Small,795.0,8.0,731.4,15.9,10794,4.16,845,4.16,False,-20.90042372881356,0.923728813559322,healthy,0.6292372881355932,85
Pure Aura Baby Wipes with 99.9% Pure Water | Ultra Soft & Thick | Natural Plant-Based | Infused with Aqua & Aloe Vera | Gentle & Safe for Newborns (Pack of 3),Pure Aura,Diapering,Baby Wipes,Pack of 3,597.0,52.0,286.56,0.0,182,4.12,4,4.12,True,21.96511627906977,0.27906976744186046,moderate,0.5058139534883721,3
Babyhug Smart Dry Bed Protector Sheet Pack of 2 Large - Violet Purple,Babyhug,Diapering,Diaper Changing Pads/Mats,Large,1269.0,38.0,786.78,0.0,250,4.41,21,4.41,True,5.925925925925924,0.5555555555555556,healthy,0.5061728395061729,30
Babyhug Smart Dry a Smart Dry Bed Protector Sheet Pack of 2 Small- Violet & PinkBed Protector Sheet Pack of 2 - Violet and Pink,Babyhug,Diapering,Diaper Changing Pads/Mats,Small,389.0,38.0,241.18,0.0,3231,4.35,93,4.35,False,5.925925925925924,0.9012345679012346,healthy,0.5061728395061729,30
Honey Bunny Pant Style Diaper Medium (M)- 54 Pieces,Honey Bunny,Diapering,Baby Diapers,Medium,749.0,43.0,424.98,7.87,22,4.21,4,4.21,False,14.09957627118644,0.07521186440677965,low,0.0847457627118644,9
Fab N Funky Multipurpose Diaper Bag - Sea Green | Cute Animal Print | Durable PVC | Spacious Compartment | Multi-Pocket Storage | Zip Closure | Adjustable Shoulder Strap,Fab N Funky,Diapering,Diaper Bag & Backpacks,L 26 x B 53 cm,899.0,35.0,584.35,0.0,56,4.33,28,4.33,False,1.2837837837837824,0.47297297297297297,healthy,0.5067567567567568,4
Little Boo New Born Baby Cotton Washable and Reusable U Shaped Cloth Nappy Pack of 10 - Multicolour,Little Boo,Diapering,Cloth Diapers/ Nappies,Pack of 10,599.0,49.0,308.01,0.0,183,3.9,14,3.9,False,17.795321637426902,0.6695906432748538,healthy,0.5029239766081871,2
SuperBottoms Disposable Easy Clean Top Sheets Diaper Liner Toxin-Free Unscented Biodegradable - 100 Sheets,SuperBottoms,Diapering,Cloth Diapers/ Nappies,Pack of 100,549.0,69.0,168.98,0.0,842,3.85,9,3.85,False,37.7953216374269,0.9005847953216374,healthy,0.5029239766081871,87
Chirsh Baby Cloth Nappies With String New Born Washable Reusable Cotton Cloth Diapers/ Nappies Pack Of 20 (0-6 Months) Medium - Multicolor,Chrish,Diapering,Cloth Diapers/ Nappies,L 34 x B 24 x H 3 cm,1498.0,48.0,778.96,0.0,1540,3.83,1,3.83,True,16.795321637426902,0.9473684210526315,healthy,0.5029239766081871,2
Detachable Step Stool - Grey & White,Fab N Funky,Diapering,Potty Training,L 35.5 x B 32.5 x H 4.5 cm,1295.0,33.0,867.65,0.0,119,3.79,3,3.79,False,2.417721518987342,0.4050632911392405,healthy,0.5063291139240507,17
TONY STARK Big Size Non Woven Baby Diaper Storage Organizer Nappies Bag For Mother Stylish Storage Bag For diapers & wipes | baby shower gift | new born essentials - Nursery Basket (Pink),Tony Stark,Diapering,Diaper Bag & Backpacks,38*26*18 cm,1999.0,66.0,679.66,0.0,1466,4.16,3,4.16,False,32.28378378378378,0.9324324324324325,healthy,0.5067567567567568,3
SuperBottoms Padded Underwear for 2-3Y Babies | Potty Training Pants for Mess-Free Diaper-Free Time | Bummy World | Pack of 6,SuperBottoms,Diapering,Cloth Diapers/ Nappies,2-3Y,1798.0,14.0,1548.98,0.0,134,3.93,6,3.93,True,-17.204678362573098,0.6023391812865497,healthy,0.5029239766081871,87
Babyhug Daily Moisturising Milk Wipes Travel Pack of 48,Babyhug,Diapering,Baby Wipes,Pack Of 2,170.0,29.0,120.7,0.0,6,4.48,910,4.48,False,-1.0348837209302317,0.011627906976744186,low,0.5058139534883721,18
"Devico  Dry Sheet for New Born Baby , Waterproof Bed Protector & Bed Protector , Diaper Changing Mat , Baby Dry Sheets Waterproof , Reusable Washable Godadi",Devico,Diapering,Diaper Changing Pads/Mats,L 30 x B 40 x H 3 cm,999.0,23.0,768.93,0.0,9824,4.0,7,4.0,True,-9.074074074074076,1.0,healthy,0.5061728395061729,1
Skip Hop Forma Backpack - Dark Sage,Skip Hop,Diapering,Diaper Bag & Backpacks,L 41 x B 20 x H 36 cm,8499.0,18.0,6969.18,0.0,5,5.0,1,5.0,True,-15.716216216216218,0.06756756756756757,low,0.5067567567567568,1
MamyPoko Extra Absorb Pants Style Diapers New Born - Pack of 16,MamyPoko,Diapering,Baby Diapers,New Born,187.0,29.0,133.44,8.34,578,4.41,1381,4.41,False,0.09957627118643941,0.6059322033898306,healthy,0.12182203389830508,65
Babyhug Printed Reusable Cloth Diaper with Inserts Pack of 7 Free Size - Multicolour| Washable & Eco-friendly| Adjust to Suit Waist Size|Easy Snap Buttons|Soft & Skin Friendly| Absorbent Inserts,Babyhug,Diapering,Cloth Diapers/ Nappies,0 to 6 M,3999.0,62.0,1519.62,0.0,42,3.67,8,3.67,True,30.795321637426902,0.23391812865497075,moderate,0.5029239766081871,61
Babyhug Multipurpose Spacious Diaper Backpack Floral Print - Multicolor,Babyhug,Diapering,Diaper Bag & Backpacks,L 26.5 x B 18 x H 41.5,2799.0,30.0,1959.3,0.0,21,4.48,147,4.48,False,-3.7162162162162176,0.25675675675675674,moderate,0.5067567567567568,15
"Pure Aura Baby Mulayam Wipes Pack of 4, 288 wipes  Doctor Recommended 99.9% Pure Water Wipes with Aloe Vera | Ultra Soft, Thick & Plant-Based | Gentle for Newborns & Sensitive Skin",Pure Aura,Diapering,Baby Wipes,Pack of 4,796.0,25.0,597.0,0.0,985,4.29,0,4.29,True,-5.034883720930232,0.46511627906976744,healthy,0.5058139534883721,3
Babyhug Advanced Everyday Protection Diaper Rash Cream - 50 g,Babyhug,Diapering,Diaper Rash Cream,50 gm,129.0,10.0,116.1,0.0,272,4.12,97,4.12,False,-0.3333333333333339,0.3333333333333333,healthy,0.5333333333333333,2
"Huggies Naturemade Premium Bamboo diaper Pants Large 42 count (9-14kg), Natural Bamboo Liner, Ultra-Thin & Lightweight, with Vitamin E, Wetness Indicator",Huggies,Diapering,Baby Diapers,Large,1399.0,21.0,1101.15,26.22,271,3.99,1031,3.99,False,-7.900423728813561,0.4427966101694915,healthy,0.8622881355932204,77
SuperBottoms Newborn UNO Cloth Diaper with Insert & Liner (Insert & liner's Design and colors may vary) | 0-3M | Reusable Diaper | Baby Hearts | Fits 2.5-6 kg,SuperBottoms,Diapering,Cloth Diapers/ Nappies,0-3M,519.0,12.0,456.72,0.0,74,4.33,2,4.33,False,-19.204678362573098,0.3508771929824561,healthy,0.5029239766081871,87
Bambo Nature Eco Friendly Tape Diapers with Wetness Indicator Small 180 Pieces - Pack of 6,Bambo Nature,Diapering,Baby Diapers,Small,7794.0,5.0,7404.3,41.13,10,4.36,1,4.36,True,-23.90042372881356,0.037076271186440676,low,0.9152542372881356,38
"Babyhug Cloth Langot Pack of 3 Small Size Helicopter, Boat and Car Print - Multicolour | Triple Layer Protection | Reusable | Designed for Short Term Comfy Wear | Mess Free",Babyhug,Diapering,Cloth Diapers/ Nappies,Small,749.0,38.0,464.38,0.0,103,3.65,8,3.65,False,6.795321637426902,0.5058479532163743,healthy,0.5029239766081871,61
Chicco Soft & Moisturizing Wet Wipes Pack of 3 - 72 each,Chicco,Diapering,Baby Wipes,Pack of 3,297.0,20.0,237.6,0.0,6247,4.16,10,4.16,False,-10.034883720930232,0.6162790697674418,healthy,0.5058139534883721,4
SuperBottoms Padded Underwear for 3-4Y Babies | Potty Training Pants for Mess-Free Diaper-Free Time | Jungle Jam | Pack of 3,SuperBottoms,Diapering,Cloth Diapers/ Nappies,3-4Y,899.0,11.0,799.03,0.0,23,3.61,119,3.61,False,-20.204678362573098,0.13450292397660818,moderate,0.5029239766081871,87
Wowper Easy Pants Baby Diaper By DOMS | Wetness Indicator | Upto 12 Hrs Absorbtion | 7-12 Kg - M  (34 Pieces),Wowper,Diapering,Baby Diapers,Medium,515.0,49.0,262.65,7.72,23,3.93,33,3.93,False,20.09957627118644,0.07944915254237288,low,0.07627118644067797,18
Mi Arcus Check Design 2 in- 1 Maternity Diaper Bag Convertible Handbag - Green & Pink,Mi Arcus,Diapering,Diaper Bag & Backpacks,L 28 x B 32 x H 14 cm,1299.0,13.0,1125.19,0.0,17,4.38,3,4.38,False,-20.716216216216218,0.21621621621621623,moderate,0.5067567567567568,4
Mother Sparsh Baby 98% Water Based Mildly Scented Wipes Plant Derived Fabric - 60 Pieces,Mother Sparsh Baby,Diapering,Baby Wipes,60 Pieces,159.0,28.0,115.0,0.0,6830,4.37,501,4.37,False,-2.0348837209302317,0.627906976744186,healthy,0.5058139534883721,8
"R for Rabbit Waterproof Quick Dry Sheet for Baby | Anti-Piling Fleece Breatheable Fabric Extra Absorbent Instant Dry Baby Bed/Cot Protector Mat (Size-L,Green)",R for Rabbit,Diapering,Diaper Changing Pads/Mats,L 140 x B 100 cm,693.0,13.0,605.89,0.0,19,4.47,11,4.47,False,-19.074074074074076,0.07407407407407407,low,0.5061728395061729,14
"OYO BABY Anti-Piling Fleece Extra Absorbent Instant Dry Sheet, Baby Bed Protector, Waterproof Sheet, Small (70cm x 50cm), Royal Blue",OYO BABY,Diapering,Diaper Changing Pads/Mats,Small,195.0,25.0,146.25,0.0,1598,4.0,1,4.0,False,-7.074074074074076,0.8395061728395061,healthy,0.5061728395061729,4
Aleva Naturals Bamboo Baby Diapers - Size NB-1 - 32ct,Aleva Naturals,Diapering,Baby Diapers,Small,1299.0,15.0,1104.15,34.5,47,3.5,0,3.5,False,-13.90042372881356,0.1461864406779661,moderate,0.8983050847457628,1
"Babyhug Cloth Langot Pack of 3 Large Size Rabbit, Rainbow and Floral Print - Multicolour | Triple Layer Protection | Reusable | Designed for Short Term Comfy Wear | Mess Free",Babyhug,Diapering,Cloth Diapers/ Nappies,Large,749.0,33.0,501.83,0.0,67,3.65,8,3.65,False,1.7953216374269019,0.32456140350877194,healthy,0.5029239766081871,61
SuperBottoms First Love Premium DryFeel Langot for 0-9M Babies | 100% Cotton Padding | Printed | Pack of 6 | 5-10kg | Size L,SuperBottoms,Diapering,Cloth Diapers/ Nappies,5-10kg,1194.0,25.0,898.96,0.0,58,4.21,24,4.21,False,-6.204678362573098,0.2953216374269006,moderate,0.5029239766081871,87
"OYO BABY Double Bed (XXL) Dry Sheet 100% Waterproof for New Born Baby | Protects Mattress, Bed Sheet  for elderly patients| Size 260 X 200cm, (Salmon Rose)",OYO BABY,Diapering,Diaper Changing Pads/Mats,L 260 x B 200 cm,2299.0,61.0,891.09,0.0,1025,3.57,2,3.57,True,28.925925925925924,0.7654320987654321,healthy,0.5061728395061729,4
Wowper Easy Pants Baby Diaper By DOMS |Wetness Indicator | Upto 12 Hrs Absorption | 4-8 Kgs | S  (40 Pieces),Wowper,Diapering,Baby Diapers,S,515.0,49.0,262.65,6.57,526,3.93,33,3.93,False,20.09957627118644,0.5805084745762712,healthy,0.018008474576271187,18
Potty-Training Toilet for Toddlers Realistic Design | Storage Tank for Wipes and Tissues | Removable Bowl | Soft Seat | Splash Guard | Easy to Clean | Realistic Flush Sound with Music White Green,Fab N Funky,Diapering,Potty Training,L 30 x B 40 x H 22 cm,2125.0,38.0,1317.5,0.0,90,4.1,1,4.1,False,7.417721518987342,0.3291139240506329,healthy,0.5063291139240507,17
"WaterWipes (Made in Ireland) Baby wipes, Pack of 6 (360 wipes), For sensitive skin, World's Purest Wipes (Imported),  Just 2 ingredients, Certified by Allergy UK and Eczema association",Water Wipes,Diapering,Baby Wipes,Pack of 6,3999.0,35.0,2598.95,0.0,9980,4.36,1,4.36,True,4.965116279069768,0.7674418604651163,healthy,0.5058139534883721,6
Mee Mee Caring Baby Wet Wipes With Lemon Fragrance Pack Of 3 - 72 Pieces Each,Mee Mee,Diapering,Baby Wipes,216 Pieces,297.0,29.0,209.95,0.0,81,4.27,1098,4.27,False,-1.0348837209302317,0.1511627906976744,moderate,0.5058139534883721,6
Babyhug Multiprint Reusable Cloth Diapers Pack of 4 - Multicolor,Babyhug,Diapering,Cloth Diapers/ Nappies,0 - 24 M,2099.0,48.0,1091.48,0.0,204,3.58,2,3.58,True,16.795321637426902,0.7076023391812866,healthy,0.5029239766081871,61
"Babyhug Cloth Langot Pack of 6 Large Size Helicopter, Boat and Car Print - Multicolour | Triple Layer Protection | Reusable | Designed for Short Term Comfy Wear | Mess Free",Babyhug,Diapering,Cloth Diapers/ Nappies,L,1449.0,34.0,956.34,0.0,77,3.49,1,3.49,True,2.795321637426902,0.3684210526315789,healthy,0.5029239766081871,61
Baby Diaper Changing Waterproof Large Size Mat Animal Print With PVC Material- Sea Green,Fab N Funky,Diapering,Diaper Changing Pads/Mats,L 86 x B 44 cm,499.0,33.0,334.33,0.0,163,4.52,22,4.52,False,0.9259259259259238,0.4567901234567901,healthy,0.5061728395061729,5
Aerex Premium Reusable Baby Cloth Diaper Printed 2 Cloth Diapers With 2 White Insert Pad Leak Proof & Washable For 0 to 3 Years | Adjustable Pocket Cloth Diaper Nappies (Multicolor),AEREX,Diapering,Cloth Diapers/ Nappies,L 36 x B 14 x H 39 cm,799.0,60.0,319.6,0.0,4549,2.7,1,2.7,False,28.795321637426902,0.9766081871345029,healthy,0.5029239766081871,1
Rabbit Face Potty chair with Music | BPA-Free| Removable Pot| Music| Wheels for Easy Mobility - Blue,Fab N Funky,Diapering,Potty Training,L 44 x B 30 x H 40 cm,1635.0,42.0,948.3,0.0,93,3.96,8,3.96,False,11.417721518987342,0.34177215189873417,healthy,0.5063291139240507,17
Hippo Diaper Caddy with Lid - Grey,Hippo,Diapering,Diaper Bag & Backpacks,L 35 x B 25 x H 20 cm,2500.0,38.0,1540.75,0.0,5,4.24,7,4.24,False,4.283783783783782,0.06756756756756757,low,0.5067567567567568,1
Babyhug Reusable Bamboo Nappies Insert Pack of 3 - White,Babyhug,Diapering,Cloth Diapers/ Nappies,0 to 12 M,645.0,41.0,380.55,0.0,2934,4.06,7,4.06,False,9.795321637426902,0.9707602339181286,healthy,0.5029239766081871,61
Pampers Baby Dry Diaper Small - 22 Pieces,Pampers,Diapering,Baby Diapers,Small,374.0,8.0,344.08,15.64,7230,4.16,845,4.16,False,-20.90042372881356,0.8919491525423728,healthy,0.6207627118644068,85
"StarAndDaisy Potty Seat/Chair for Kids 1-5 Years / 3-In-1 Baby Toilet Training Seat with Anti-Skip Pads, Removable Potty Pot, Potty Training Seat for Baby & Kids (Orange-Black)",StarAndDaisy,Diapering,Potty Training,L 35 X B 32 cm,2549.0,53.0,1199.05,0.0,51,4.12,13,4.12,True,22.417721518987342,0.21518987341772153,moderate,0.5063291139240507,4
Multiuse Classic Solid Diaper Backpack - Grey,Fab N Funky,Diapering,Diaper Bag & Backpacks,L 25 x B 23.5 x H 41 cm,1895.0,43.0,1080.15,0.0,113,4.52,46,4.52,False,9.283783783783782,0.6486486486486487,healthy,0.5067567567567568,4
Mylo Baby Diaper Pants Large (L) Size with ADL Technology 12 Hours Protection Pack of 3 - 96 Pieces,Mylo,Diapering,Baby Diapers,Large,1401.0,23.0,1081.01,11.26,692,3.9,167,3.9,False,-5.900423728813561,0.6377118644067796,healthy,0.3622881355932203,13
R for Rabbit Tiny Tots Panda Potty Training Seat for Baby Ergonomic Backrest with Sturdy Grip Handle for New Born Babies/Infant/Kids Weight Up to 25Kg 6 to 48 Months (Yellow Blue),R for Rabbit,Diapering,Potty Training,L 36 x B 27 cm,1698.0,16.0,1418.0,0.0,66,4.31,8,4.31,False,-14.582278481012658,0.27848101265822783,moderate,0.5063291139240507,23
SuperBottoms Padded Underwear for 2-3Y Babies | Potty Training Pants for Mess-Free Diaper-Free Time | Bummy's Day Out | Pack of 12,SuperBottoms,Diapering,Cloth Diapers/ Nappies,2-3Y,3588.0,16.0,2998.85,0.0,45,4.17,0,4.17,True,-15.204678362573098,0.2543859649122807,moderate,0.5029239766081871,87
Abracadabra Portable Changing Mat Bambi & Friends Print  - Multicolor,Abracadabra,Diapering,Diaper Changing Pads/Mats,L 63 x B 33 x H 0.5 cm,849.0,16.0,716.22,0.0,54,4.18,1,4.18,False,-16.074074074074076,0.18518518518518517,moderate,0.5061728395061729,1
Babyhug 3-In-1 Baby Toilet Training Seat with Anti-Slip Pads - Blue Orange| Removable Potty Pot| Potty Training Seat| Potty Seat Potty Chair & Step Stool| for Kids 1-5 Years,Babyhug,Diapering,Potty Training,L 36 x B 33 x H 24.5 cm,2495.0,57.0,1072.85,0.0,369,0.0,0,0.0,True,26.417721518987342,0.7088607594936709,healthy,0.5063291139240507,24
SuperBottoms Newborn UNO Premium Cloth Diaper with Absorbent Insert - Baby Hearts | Fits 2.5-7 kg,SuperBottoms,Diapering,Cloth Diapers/ Nappies,Small,799.0,35.0,519.03,0.0,25,4.03,6,4.03,False,3.795321637426902,0.15204678362573099,moderate,0.5029239766081871,87
Smart Mom Scented Disposable Diaper Bags - 75 Pieces,Smart Mom,Diapering,Diaper Bag & Backpacks,75 Pieces,449.0,58.0,188.58,0.0,6,4.23,22,4.23,False,24.283783783783782,0.10135135135135136,moderate,0.5067567567567568,1
"Little's Premium Baby Diapers S Size (Small) Pants Style | 4-8 kg | 168 Count | FluffySoft Baby Diaper with Leakage Guard, Wetness Indicator & 12 Hours Absorption | (42 Count, Pack of 4)",Little's,Diapering,Baby Diapers,Small,1520.0,2.0,1489.6,8.87,3,3.94,1009,3.94,False,-26.90042372881356,0.009533898305084746,low,0.1652542372881356,10
"Babyhug 100% Interlock Cotton Reusable Printed Cloth Nappies with Velcro Closure Pack of 6 Helicopter, Boat & Car Print  Medium Size| Machine Washable| Soft & Skin Friendly",Babyhug,Diapering,Cloth Diapers/ Nappies,5-12 M,799.0,38.0,495.38,0.0,123,4.16,0,4.16,False,6.795321637426902,0.5672514619883041,healthy,0.5029239766081871,61
Walking Mum Rucksack Sinatra Green - Green,Walking Mum,Diapering,Diaper Bag & Backpacks,L 28 x B 37 x H 13 cm,7499.0,5.0,7124.05,0.0,4,0.0,0,0.0,True,-28.716216216216218,0.04054054054054054,low,0.5067567567567568,1
SuperBottoms First Love Premium DryFeel Langot for 0-9M Babies | 100% Cotton Padding | Sweet Tooth | Pack of 6 | 5-10kg,SuperBottoms,Diapering,Cloth Diapers/ Nappies,5-10kg,1194.0,25.0,898.96,0.0,70,4.21,24,4.21,False,-6.204678362573098,0.3333333333333333,healthy,0.5029239766081871,87
Babyhug Cotton Diaper Changing Mat And Bed Protector,Babyhug,Diapering,Diaper Changing Pads/Mats,L 82.5 x B 82.5 cm,699.0,30.0,489.3,0.0,88,4.37,107,4.37,False,-2.074074074074076,0.3271604938271605,healthy,0.5061728395061729,30
Tinycare Cloth Nappy Comfort Junior Small Set Of 5 (Print May Vary),Tinycare,Diapering,Cloth Diapers/ Nappies,Small,404.0,16.0,338.96,0.0,12,4.15,23,4.15,False,-15.204678362573098,0.06140350877192982,low,0.5029239766081871,5
Bambo Nature Eco Friendly Tape Diapers with Wetness Indicator Small Size Pack of 6 - 180 Pieces,Bambo Nature,Diapering,Baby Diapers,Small,7794.0,0.0,7794.0,43.3,2154,4.36,1,4.36,True,-28.90042372881356,0.7838983050847458,healthy,0.9279661016949152,38
"LuvLap Baby Wipes with Jojoba Oil, Paraben-Free, Deep Moisturising, 72/Pack, Gentle Skin Care, Pack of 6  White",LuvLap,Diapering,Baby Wipes,Pack of 6,594.0,41.0,348.98,0.0,48,4.22,19,4.22,True,10.965116279069768,0.046511627906976744,low,0.5058139534883721,7
Little Angel Pant Style Extra Dry Medium Diapers - 74 Pieces,Little Angel,Diapering,Baby Diapers,M,1035.0,39.0,634.14,8.57,12,3.96,26,3.96,False,10.09957627118644,0.04025423728813559,low,0.13559322033898305,7
ZOE Blue Blossom Multipurpose Diaper Backpack  | Capacity- 13.5L -  Blue,ZOE,Diapering,Diaper Bag & Backpacks,L 24 x B 22 x H 39 cm,1999.0,50.0,999.5,0.0,4756,4.59,103,4.59,False,16.283783783783782,0.9864864864864865,healthy,0.5067567567567568,1
"LuvLap Supreme Diaper Pants Medium (MD) 7-12kg, 36pcs, Aloe Vera, 12hr Protection, 360° Skin Care, 5 Layer, Super Light Core, White",LuvLap,Diapering,Baby Diapers,Medium,789.0,39.0,479.0,13.31,72,4.32,91,4.32,False,10.09957627118644,0.20127118644067796,moderate,0.5148305084745762,27
"LuvLap Supreme Diaper Pants Extra Large (XL) 12-17kg, 28pcs, Aloe Vera, 12hr Protection, 360° Skin Care, 5 Layer, White",LuvLap,Diapering,Baby Diapers,XL,919.0,49.0,468.97,16.75,100,4.32,91,4.32,False,20.09957627118644,0.2552966101694915,moderate,0.652542372881356,27
"LuvLap Pant Style Baby Diapers, New Born (NB), Pack of 2, 120 Pants, Aloe Vera Lotion, 12hr Protection, White",LuvLap,Diapering,Baby Diapers,NB,1258.0,30.0,885.0,7.38,17,4.15,246,4.15,False,1.0995762711864394,0.05614406779661017,low,0.05190677966101695,27
Mylo Baby Diaper Pants Extra Large (XL) Size with ADL Technology 12 Hours Protection - 84 Pieces,Mylo,Diapering,Baby Diapers,Extra Large,1401.0,23.0,1081.01,12.87,443,3.9,167,3.9,False,-5.900423728813561,0.5466101694915254,healthy,0.475635593220339,13
Babyhug Winsome Potty Chair - Blue,Babyhug,Diapering,Potty Training,32.5 x 28 x 20 cm,595.0,17.0,491.83,0.0,830,4.24,75,4.24,False,-13.582278481012658,0.8481012658227848,healthy,0.5063291139240507,24
MamyPoko Extra-Clean Wipes for Baby - Pack of 72,MamyPoko,Diapering,Baby Wipes,72 Wipes,199.0,29.0,142.27,0.0,5066,4.29,32,4.29,False,-1.0348837209302317,0.5813953488372093,healthy,0.5058139534883721,1
Babu jalebi City Trooper Diaper bag - Mocha,Baby Jalebi,Diapering,Diaper Bag & Backpacks,L 38 x B 15 x H 30 cm,13500.0,3.0,13095.0,0.0,23,2.0,0,2.0,True,-30.716216216216218,0.27702702702702703,moderate,0.5067567567567568,2
"Babyhug Cloth Langot Pack of 6 Small Size Rabbit, Rainbow and Floral Print - Multicolour | Triple Layer Protection | Reusable | Designed for Short Term Comfy Wear | Mess Free",Babyhug,Diapering,Cloth Diapers/ Nappies,Small,1399.0,33.0,937.33,0.0,83,3.49,1,3.49,True,1.7953216374269019,0.391812865497076,healthy,0.5029239766081871,61
"LuvLap Pant Style Baby Diapers, New Born/X-Small (NB/XS), 30 Count, Aloe Vera Lotion, 12hr Protection, White",LuvLap,Diapering,Baby Diapers,NB,310.0,29.0,221.0,7.37,90,4.15,246,4.15,False,0.09957627118643941,0.2330508474576271,moderate,0.048728813559322036,27
StarAndDaisy potty seat chair for kids 1 to 5 years 3 in 1 baby toilet training seat with anti slip pads removable potty pot safe comfortable easy to clean and durable design grey color,StarAndDaisy,Diapering,Potty Training,40 x 32  cm,499.0,38.0,308.98,0.0,128,4.38,4,4.38,False,7.417721518987342,0.4430379746835443,healthy,0.5063291139240507,4
Reliance Toilet Trainer Baby Potty Chair Cartoon Face with Removable Tray & Closing Lid Baby Potty Seat- Green,Reliance PLAST,Diapering,Potty Training,L 30 x B 12 x H 32 cm,999.0,50.0,499.5,0.0,923,3.2,4,3.2,False,19.417721518987342,0.8734177215189873,healthy,0.5063291139240507,1
Zikku Diaper Changing Mats -Sky Blue,Zikku,Diapering,Diaper Changing Pads/Mats,L 60 × B 45 cm,500.0,42.0,290.0,0.0,58,3.9,1,3.9,False,9.925925925925924,0.20987654320987653,moderate,0.5061728395061729,3
"SuperBottoms BASIC Reusable Cloth Diaper for 3M-3Y Babies| Freesize Adjustable, Washable and Reusable Cloth Diaper for babies | Shell with insert | Pack of 2 | Fits 5-17 kg (Design May Vary)",SuperBottoms,Diapering,Cloth Diapers/ Nappies,Pack of 2,1498.0,68.0,479.06,0.0,228,3.7,20,3.7,True,36.7953216374269,0.7426900584795322,healthy,0.5029239766081871,87
"StarAndDaisy Bag for Mothers for Travel, Newborn Baby Diaper Bags with Multiple Pockets, Back Opening, Waterproof Pocket, Jungle Print - Green",StarAndDaisy,Diapering,Diaper Bag & Backpacks,L 40 x B 18 x H 27 cm,2399.0,58.0,998.94,0.0,47,4.08,7,4.08,False,24.283783783783782,0.44594594594594594,healthy,0.5067567567567568,4
Wowper Easy Pants Baby Diaper By DOMS | Wetness Indicator| Upto 12Hrs Absorb | 9-14 Kg | L  (30 Pieces),Wowper,Diapering,Baby Diapers,Large,515.0,49.0,262.65,8.75,286,3.93,33,3.93,False,20.09957627118644,0.4491525423728814,healthy,0.1504237288135593,18
The Cheeky Kidzz Baby Disposable Diaper Bags With Dispenser Waste 4 Refill Rolls/60 Bags Convenient Quick Disposal Trash Leak And Odors Proof (COLOUR MAY VARY),The Cheeky Kidzz,Diapering,Diaper Bag & Backpacks,L 11 x B 4 cm,499.0,46.0,269.01,0.0,752,4.52,22,4.52,False,12.283783783783782,0.8783783783783784,healthy,0.5067567567567568,2
"SuperBottoms Freesize UNO Cloth Diaper (3M - 3Y) Reusable with 1 Dry Feel Pad, Absorbs 4-5 Pees - Good Cat-titude",SuperBottoms,Diapering,Cloth Diapers/ Nappies,Pack of 1,890.0,44.0,499.02,0.0,14,3.84,34,3.84,False,12.795321637426902,0.07894736842105263,low,0.5029239766081871,87
Babyhug Smart Dry Bed Protector Sheet Pack of 2 Medium - Green Blue,Babyhug,Diapering,Diaper Changing Pads/Mats,Medium,699.0,38.0,433.38,0.0,168,4.46,76,4.46,False,5.925925925925924,0.48148148148148145,healthy,0.5061728395061729,30
Haus & Kinder Coco Diaper Bag,haus & kinder,Diapering,Diaper Bag & Backpacks,L 40 x H 44 cm,6999.0,48.0,3639.48,0.0,930,0.0,0,0.0,True,14.283783783783782,0.9054054054054054,healthy,0.5067567567567568,1
"SuperBottoms DryFeel Langot for Newborn Babies, Soft Cotton Langot for Diaper-Free Time, 0 to 9 Months | With 5 Disposable Diaper Liner",SuperBottoms,Diapering,Cloth Diapers/ Nappies,0-9 m,597.01,21.0,469.01,0.0,12,3.67,0,3.67,False,-10.204678362573098,0.06140350877192982,low,0.5029239766081871,87
Winnies baby diaper caddy tote bag For Smart Mothers Baby Diaper Caddy,Winnies,Diapering,Diaper Bag & Backpacks,L 33 x B 22 x H 18 cm,1999.0,48.0,1038.88,0.0,26,3.39,0,3.39,False,14.283783783783782,0.30405405405405406,healthy,0.5067567567567568,4
Babyhug Diaper Bag With Changing Mat Base Ball Print - Navy Blue,Babyhug,Diapering,Diaper Bag & Backpacks,37.5 x 17.5 x 28 cm,1755.0,34.0,1158.3,0.0,1072,4.37,176,4.37,False,0.28378378378378244,0.918918918918919,healthy,0.5067567567567568,15
Baby Diaper Changing Waterproof Mat Teddy Bear Print With PVC Material -Dark Red,Fab N Funky,Diapering,Diaper Changing Pads/Mats,L 58 x B 44 cm,259.0,33.0,173.53,0.0,33,4.32,151,4.32,False,0.9259259259259238,0.13580246913580246,moderate,0.5061728395061729,5
Pampers Taped Diapers Large - 18 Pieces,Pampers,Diapering,Baby Diapers,Large,411.0,8.0,378.12,21.01,252,4.16,845,4.16,False,-20.90042372881356,0.4279661016949153,healthy,0.7860169491525424,85
"R for Rabbit Waterproof Quick Dry Sheet for Baby | Anti-Piling Fleece Breatheable Fabric Extra Absorbent Instant Dry Baby Bed/Cot Protector Mat (Size-M,Green-Blue,Pack of 2 Combo)",R for Rabbit,Diapering,Diaper Changing Pads/Mats,M,756.0,17.0,629.14,0.0,28,4.63,14,4.63,False,-15.074074074074076,0.12345679012345678,moderate,0.5061728395061729,14
SuperBottoms Bedwetting Diapers for Older Kids - 12-14Y | Reusable & Washable Diaper,SuperBottoms,Diapering,Cloth Diapers/ Nappies,12-14Y,1168.0,14.0,998.99,0.0,1,2.63,0,2.63,False,-17.204678362573098,0.008771929824561403,low,0.5029239766081871,87
SuperBottoms First Love Premium DryFeel Langot for 0-9M Babies | 100% Cotton Padding | White | Pack of 3 | 0-5kg | Size L,SuperBottoms,Diapering,Cloth Diapers/ Nappies,5-10kg,499.0,13.0,434.98,0.0,142,4.14,72,4.14,False,-18.204678362573098,0.6140350877192983,healthy,0.5029239766081871,87
"WaterWipes (Made in Ireland) Baby wipes, Pack of 1 (60 wipes), For sensitive skin, World's Purest Wipes (Imported),  Just 2 ingredients, Certified by Allergy UK and Eczema association",Water Wipes,Diapering,Baby Wipes,Pack of 1,799.0,43.0,459.03,0.0,9826,4.36,1,4.36,True,12.965116279069768,0.7093023255813954,healthy,0.5058139534883721,6
Babymoon Multifunctional Caddy Organiser Storage Mother Baby Diaper Bag Foldable - Black,Babymoon,Diapering,Diaper Bag & Backpacks,L 33 x B 23 x H 18 cm,1000.0,57.0,430.0,0.0,479,4.02,6,4.02,False,23.283783783783782,0.8513513513513513,healthy,0.5067567567567568,1
SuperBottoms First Love Premium DryFeel Langot for 0-9M Babies | 100% Cotton Padding | Sweet Tooth | Pack of 3 | 0-5kg | Size S,SuperBottoms,Diapering,Cloth Diapers/ Nappies,0-5kg,597.0,21.0,469.0,0.0,75,3.97,31,3.97,False,-10.204678362573098,0.3567251461988304,healthy,0.5029239766081871,87
"SuperBottoms Quick Dry Pads Insert diaper liner for Adjustable, washable and reusable Cloth Diapers (Compatible with BASIC diapers)- Freesize - Pack of 3",BASIC,Diapering,Cloth Diapers/ Nappies,Pack of 3,750.0,45.0,411.0,0.0,50,3.96,5,3.96,False,13.795321637426902,0.26900584795321636,moderate,0.5029239766081871,2
Mylo Baby Diaper Pants Small S Size 4-8 kgs with ADL Technology - 42 Count - 12 Hours Protection,Mylo,Diapering,Baby Diapers,Small,467.0,5.0,443.65,10.56,4854,3.9,167,3.9,False,-23.90042372881356,0.8665254237288136,healthy,0.3082627118644068,13
Detachable Step Stool - Navy Blue & Yellow,Fab N Funky,Diapering,Potty Training,L 35.5 x B 32.5 x H 4.5 cm,1295.0,34.0,854.7,0.0,207,3.79,3,3.79,False,3.417721518987342,0.5569620253164557,healthy,0.5063291139240507,17
Babyhug Luxe 2-in-1 Quilted Sling cum Tote Diaper Bag for Travel | Spacious Multi-Compartment Design| Bottle Pockets| Front & Back Storage| Adjustable Shoulder Starp | Capacity- 2.5L -  Peach,Babyhug,Diapering,Diaper Bag & Backpacks,L 36.5 x B 17 x H 35 cm,2749.0,34.0,1814.34,0.0,315,4.57,1,4.57,False,0.28378378378378244,0.8108108108108109,healthy,0.5067567567567568,15
"Chicco Soft Cleansing Baby Wipes, Ideal for Nappy, Face and Hand, Fliptop Pack - 72 Pieces",Chicco,Diapering,Baby Wipes,72 Pieces,249.0,23.0,191.73,0.0,12275,4.44,143,4.44,False,-7.034883720930232,0.8023255813953488,healthy,0.5058139534883721,4
Babyhug Smart Dry Bed Protector Sheet Pack of 2 Small- Purple,Babyhug,Diapering,Diaper Changing Pads/Mats,Small,389.0,38.0,241.18,0.0,454,4.35,93,4.35,False,5.925925925925924,0.6049382716049383,healthy,0.5061728395061729,30
Mi Arcus Check Design 2 in- 1 Maternity Diaper Bag Convertible Handbag  - Multicolor,Mi Arcus,Diapering,Diaper Bag & Backpacks,L 28 x B 32 x H 14 cm,1299.0,23.0,1000.23,0.0,17,4.38,3,4.38,False,-10.716216216216218,0.21621621621621623,moderate,0.5067567567567568,4
R for Rabbit Hilltop Booster Potty Seat & Step Stool 2-in-1 Multipurpose Anti-Skid Base Adjustable Foldable Supportive Backrest & Soft Cushion Toilet Seat for Kids Baby 1 to 7 Years (Peach Green),R for Rabbit,Diapering,Potty Training,L 43 x B 18 x H 59 cm,1791.0,14.0,1542.95,0.0,3,4.02,2,4.02,False,-16.582278481012658,0.03164556962025317,low,0.5063291139240507,23
"LuvLap Instadry Waterproof Baby Dry Sheet 2-Pack, Large 100x140 cm (39x55 inch), Extra Absorbent Quick Dry Sheet, Bed Protector, Sky Blue & Salmon Rose",LuvLap,Diapering,Diaper Changing Pads/Mats,L 140 x B 100 cm,1098.0,33.0,738.95,0.0,76,4.23,6,4.23,True,0.9259259259259238,0.25925925925925924,moderate,0.5061728395061729,15
Pampers Happy Sleep Pant Style Baby Diaper 1 Night Sleep with Anti Rash (S) Small - 36 Pieces,Pampers,Diapering,Baby Diapers,Small,374.0,0.0,374.0,10.39,172,1.0,0,1.0,False,-28.90042372881356,0.3516949152542373,healthy,0.2976694915254237,85
Diaper Genie Diaper Pails Grey,Diaper Genie,Diapering,Diaper Bag & Backpacks,L 30.33 x B 28.19 x H 56 cm,7999.0,13.0,6959.13,0.0,49,5.0,0,5.0,True,-20.716216216216218,0.4594594594594595,healthy,0.5067567567567568,1
Mom's Home Baby Organic Cotton Diaper Carry Bag For Mothers - Lemon,Mom's Home,Diapering,Diaper Bag & Backpacks,L 47 x B 25 x H 20 cm,2799.0,63.0,1035.63,0.0,61,4.29,6,4.29,False,29.283783783783782,0.49324324324324326,healthy,0.5067567567567568,2
SuperBottoms Padded Underwear for 9-12M Babies | Potty Training Pants with Dry Feel Layer Inside | Jungle Jam | Pack of 3 | Size 0,SuperBottoms,Diapering,Cloth Diapers/ Nappies,9-12M,899.0,11.0,799.03,0.0,78,3.57,117,3.57,False,-20.204678362573098,0.3742690058479532,healthy,0.5029239766081871,87
Mylo Baby Diaper Pants Medium M Size 7-12 kgs with ADL Technology - 38 Count - 12 Hours Protection,Mylo,Diapering,Baby Diapers,Medium,467.0,5.0,443.65,11.67,3902,3.9,167,3.9,False,-23.90042372881356,0.847457627118644,healthy,0.4057203389830508,13
"R for Rabbit Caramello Breezy Baby Diaper Bag with Changing Mat for Mother,Waterproof, Large Capacity Multifunctional Maternity Bag for Travel Nursing Backpack for Moms (Black)",R for Rabbit,Diapering,Diaper Bag & Backpacks,L 40 x B 32 x H 6 cm,2592.0,22.0,2029.8,0.0,23,4.48,16,4.48,False,-11.716216216216218,0.27702702702702703,moderate,0.5067567567567568,12
Snugkins Padded Potty Training Underwear for Babies & Toddler 7-8 years Pack of 2,Snugkins,Diapering,Cloth Diapers/ Nappies,7-8 Years,1299.0,61.0,501.8,0.0,58,3.0,1,3.0,False,29.795321637426902,0.2953216374269006,moderate,0.5029239766081871,3
"Huggies Naturemade Premium Bamboo diaper Pants Medium 30 count (7-12kg), Natural Bamboo Liner, Ultra-Thin & Lightweight, with Vitamin E, Wetness Indicator",Huggies,Diapering,Baby Diapers,Medium,799.0,21.0,627.22,20.91,255,3.99,1031,3.99,False,-7.900423728813561,0.4300847457627119,healthy,0.7817796610169492,77
LuvLap Portable Folding Potty Training Seat | Fits Western Toilets | Non-Slip Silicone Pads | Travel Friendly | Easy To Carry - Green,LuvLap,Diapering,Potty Training,L 34 x B 29 cm,395.0,22.0,306.91,0.0,51,3.0,1,3.0,False,-8.582278481012658,0.21518987341772153,moderate,0.5063291139240507,6
"Little's Premium Baby Diapers S Size (Small) Pants Style | 4-8 kg | 78 Count | Super Jumbo FluffySoft Baby Diaper with Leakage Guard, Wetness Indicator & 12 Hours Absorption",Little's,Diapering,Baby Diapers,Small,655.0,2.0,639.02,8.19,19,3.94,1009,3.94,False,-26.90042372881356,0.0635593220338983,low,0.11016949152542373,10
"Babyhug Advanced Pant Style Diapers XXL - 12 Pieces, Honeycomb Technology, Cottony Soft Diaper with 3D Leak Guard, Latex & Alcohol Free, Anti-rash & Gentle",Babyhug,Diapering,Baby Diapers,XXL,349.0,31.0,239.87,19.99,3596,4.1,17639,4.1,False,2.0995762711864394,0.8326271186440678,healthy,0.7563559322033898,46
"R for Rabbit Caramello Delight Stylish Diaper Bag Backpack for Mothers for Travel, Large Capacity Multifunction Waterproof Maternity Mother Bag for New Born Baby Mom (Black Grey)",R for Rabbit,Diapering,Diaper Bag & Backpacks,L 33 x B 10 x H 45 cm,2493.0,19.0,2027.81,0.0,18,3.94,3,3.94,False,-14.716216216216218,0.24324324324324326,moderate,0.5067567567567568,12
Purple Tots Baby Diaper Bag For Mothers & Travel | Stroller Straps | Lugguage Nappy Handbags - Black,Purple Tots,Diapering,Diaper Bag & Backpacks,L 38 x B 15 x H 28.5 cm,3699.0,33.0,2473.15,0.0,1,5.0,0,5.0,False,-0.7162162162162176,0.013513513513513514,low,0.5067567567567568,1
"Nintara Baby Organic Cotton Waterproof  Landing Mat For Tummy Time, Play & Naps, Portable & Foldable for Home Or Travel, Hypoallergenic -Pink",NINTARA BABY,Diapering,Diaper Changing Pads/Mats,L 60 x B 76 cm,1199.0,4.0,1151.64,0.0,7,4.5,0,4.5,True,-28.074074074074076,0.04938271604938271,low,0.5061728395061729,2
MamyPoko Extra Absorb Pant Style Diapers XXLarge - 14 Pieces,MamyPoko,Diapering,Baby Diapers,XXL,374.0,18.0,306.68,21.91,135,4.41,1381,4.41,False,-10.90042372881356,0.3114406779661017,healthy,0.8029661016949152,65
SuperBottoms Very Heavy Wetter Booster Pad Cloth Diaper Insert Soaker with Hemp and Cotton - White Fits 5-17 Kg,SuperBottoms,Diapering,Cloth Diapers/ Nappies,Pack of 1,300.0,0.0,300.0,0.0,196,3.43,6,3.43,False,-31.204678362573098,0.7017543859649122,healthy,0.5029239766081871,87
Honey Bunny Pant Style Diaper (XXL) - 48 Pieces,Honey Bunny,Diapering,Baby Diapers,XXL,899.0,39.0,549.02,11.44,49,4.21,4,4.21,False,10.09957627118644,0.1504237288135593,moderate,0.3834745762711864,9
Winnies Baby Diaper Caddy Bag for Smart Mothers Baby Diaper Caddy Organizers-Grey,Winnies,Diapering,Diaper Bag & Backpacks,L 33 x B 22 x H 18 cm,1999.0,48.0,1038.88,0.0,7,4.58,3,4.58,False,14.283783783783782,0.12837837837837837,moderate,0.5067567567567568,4
Babyhug Muslin Cloth Nappy Set of 5 Small - Multicolor Printed,Babyhug,Diapering,Cloth Diapers/ Nappies,S,649.0,32.0,441.32,0.0,84,4.25,22,4.25,False,0.7953216374269019,0.40350877192982454,healthy,0.5029239766081871,61
